id,name,latitude,longitude,N
519,Pershing Square North,40.751873,-73.977706,1829
497,E 17 St & Broadway,40.73704984,-73.99009296,1440
402,Broadway & E 22 St,40.7403432,-73.98955109,1424
435,W 21 St & 6 Ave,40.74173969,-73.99415556,1420
3255,8 Ave & W 31 St,40.7505853470215,-73.9946848154068,1418
285,Broadway & E 14 St,40.73454567,-73.99074142,1329
426,West St & Chambers St,40.71754834,-74.01322069,1188
358,Christopher St & Greenwich St,40.73291553,-74.00711384,1182
490,8 Ave & W 33 St,40.751551,-73.993934,1177
499,Broadway & W 60 St,40.76915505,-73.98191841,1171
514,12 Ave & W 40 St,40.76087502,-74.00277668,1139
459,W 20 St & 11 Ave,40.746745,-74.007756,1120
293,Lafayette St & E 8 St,40.7302066052996,-73.9910262823105,1103
3641,Broadway & W 25 St,40.7428687731211,-73.9891862869263,1082
477,W 41 St & 8 Ave,40.75640548,-73.9900262,1066
523,W 38 St & 8 Ave,40.75466591,-73.99138152,1047
359,E 47 St & Park Ave,40.75510267,-73.97498696,1039
379,W 31 St & 7 Ave,40.749156,-73.9916,1036
504,1 Ave & E 16 St,40.73221853,-73.98165557,1015
151,Cleveland Pl & Spring St,40.722103786686,-73.997249007225,1009
465,Broadway & W 41 St,40.75513557,-73.98658032,1008
491,E 24 St & Park Ave S,40.74096374,-73.98602213,991
3711,E 13 St & Avenue A,40.7296672939298,-73.9806796610355,991
505,6 Ave & W 33 St,40.74901271,-73.98848395,957
492,W 33 St & 7 Ave,40.75019995,-73.99093085,954
368,Carmine St & 6 Ave,40.73038599,-74.00214988,954
3002,South End Ave & Liberty St,40.711512,-74.015756,953
3263,Cooper Square & Astor Pl,40.7295149622495,-73.990752696991,947
168,W 18 St & 6 Ave,40.73971301,-73.99456405,935
229,Great Jones St,40.72743423,-73.99379025,907
3435,Grand St & Elizabeth St,40.718822,-73.99596,900
173,Broadway & W 49 St,40.7606832709659,-73.9845272898674,867
281,Grand Army Plaza & Central Park S,40.7643971,-73.97371465,864
327,Vesey Pl & River Terrace,40.7153379,-74.01658354,841
468,Broadway & W 56 St,40.7652654,-73.98192338,841
445,E 10 St & Avenue A,40.72740794,-73.98142006,835
486,Broadway & W 29 St,40.7462009,-73.98855723,832
3664,North Moore St & Greenwich St,40.7201952143747,-74.0103006362915,825
432,E 7 St & Avenue A,40.72621788,-73.98379855,822
472,E 32 St & Park Ave,40.7457121,-73.98194829,812
446,W 24 St & 7 Ave,40.74487634,-73.99529885,805
496,E 16 St & 5 Ave,40.73726186,-73.99238967,805
405,Washington St & Gansevoort St,40.739323,-74.008119,799
2006,Central Park S & 6 Ave,40.76590936,-73.97634151,799
462,W 22 St & 10 Ave,40.74691959,-74.00451887,799
525,W 34 St & 11 Ave,40.75594159,-74.0021163,798
442,W 27 St & 7 Ave,40.746647,-73.993915,792
297,E 15 St & 3 Ave,40.734232,-73.986923,788
3233,E 48 St & 5 Ave,40.7572456791173,-73.978059142828,788
494,W 26 St & 8 Ave,40.74734825,-73.99723551,786
438,St Marks Pl & 1 Ave,40.72779126,-73.98564945,782
466,W 25 St & 6 Ave,40.74395411,-73.99144871,775
458,11 Ave & W 27 St,40.751396,-74.005226,774
128,MacDougal St & Prince St,40.72710258,-74.00297088,767
453,W 22 St & 8 Ave,40.74475148,-73.99915362,764
3141,1 Ave & E 68 St,40.76500525,-73.95818491,762
461,E 20 St & 2 Ave,40.73587678,-73.98205027,758
479,9 Ave & W 45 St,40.76019252,-73.9912551,757
528,2 Ave & E 31 St,40.74290902,-73.97706058,755
127,Barrow St & Hudson St,40.73172428,-74.00674436,755
545,E 23 St & 1 Ave,40.736502,-73.97809472,754
312,Allen St & Stanton St,40.722055,-73.989111,753
517,Pershing Square South,40.751581,-73.97791,753
3687,E 33 St & 1 Ave,40.7432268143217,-73.9744978398085,750
507,E 25 St & 2 Ave,40.73912601,-73.97973776,747
3686,Gansevoort St & Hudson St,40.739448201304,-74.0050703287125,741
237,E 11 St & 2 Ave,40.73047309,-73.98672378,739
2003,1 Ave & E 18 St,40.7338121919663,-73.9805442094803,737
380,W 4 St & 7 Ave S,40.73401143,-74.00293877,732
334,W 20 St & 7 Ave,40.74238787,-73.99726235,723
307,Canal St & Rutgers St,40.71427487,-73.98990025,722
326,E 11 St & 1 Ave,40.72953837,-73.98426726,720
439,E 4 St & 2 Ave,40.7262807,-73.98978041,718
223,W 13 St & 7 Ave,40.73781509,-73.99994661,716
482,W 15 St & 7 Ave,40.73935542,-73.99931783,711
518,E 39 St & 2 Ave,40.74780373,-73.9734419,707
3164,Columbus Ave & W 72 St,40.7770575,-73.97898475,701
487,E 20 St & FDR Drive,40.73314259,-73.97573881,693
3443,W 52 St & 6 Ave,40.7613298312481,-73.9798200130463,689
387,Centre St & Chambers St,40.71273266,-74.0046073,686
401,Allen St & Rivington St,40.72019576,-73.98997825,683
501,FDR Drive & E 35 St,40.744219,-73.97121214,683
236,St Marks Pl & 2 Ave,40.7284186,-73.98713956,681
526,E 33 St & 5 Ave,40.74765947,-73.98490707,677
503,E 20 St & Park Ave,40.73827428,-73.98751968,673
161,LaGuardia Pl & W 3 St,40.72917025,-73.99810231,672
3256,Pier 40 - Hudson River Park,40.7277140777778,-74.011295735836,672
350,Clinton St & Grand St,40.71559509,-73.9870295,670
478,11 Ave & W 41 St,40.76030096,-73.99884222,667
301,E 2 St & Avenue B,40.72217444,-73.98368779,666
476,E 31 St & 3 Ave,40.74394314,-73.97966069,660
474,5 Ave & E 29 St,40.7451677,-73.98683077,658
447,8 Ave & W 52 St,40.76370739,-73.9851615,658
520,W 52 St & 5 Ave,40.75992262,-73.97648516,657
530,11 Ave & W 59 St,40.7714967105444,-73.9904603362083,657
531,Forsyth St & Broome St,40.71893904,-73.99266288,654
2021,W 45 St & 8 Ave,40.75929124,-73.98859651,648
361,Allen St & Hester St,40.71605866,-73.99190759,637
3656,E 2 St & Avenue A,40.7230774906867,-73.9858362078667,636
3707,Lexington Ave & E 26 St,40.741459,-73.983293,636
403,E 2 St & 2 Ave,40.72502876,-73.99069656,634
3137,5 Ave & E 73 St,40.77282817,-73.96685276,634
3167,Amsterdam Ave & W 73 St,40.7796680900731,-73.9809304475784,633
450,W 49 St & 8 Ave,40.76227205,-73.98788205,632
347,Greenwich St & W Houston St,40.728846,-74.008591,629
3165,Central Park West & W 72 St,40.7757937668367,-73.9762057363987,626
470,W 20 St & 8 Ave,40.74345335,-74.00004031,624
3260,Mercer St & Bleecker St,40.7270636334831,-73.9966213703155,620
317,E 6 St & Avenue B,40.72453734,-73.98185424,620
3467,W Broadway & Spring Street,40.7249467235942,-74.0016585588455,617
388,W 26 St & 10 Ave,40.749717753,-74.002950346,612
212,W 16 St & The High Line,40.74334935,-74.00681753,606
251,Mott St & Prince St,40.72317958,-73.99480012,604
412,Forsyth St & Canal St,40.7158155,-73.99422366,600
284,Greenwich Ave & 8 Ave,40.7390169121,-74.0026376103,600
529,W 42 St & 8 Ave,40.7575699,-73.99098507,598
3244,University Pl & E 8 St,40.7314372408523,-73.9949034154415,598
515,W 43 St & 10 Ave,40.76009437,-73.99461843,597
377,6 Ave & Canal St,40.72243797,-74.00566443,596
167,E 39 St & 3 Ave,40.7489006,-73.97604882,596
509,9 Ave & W 22 St,40.7454973,-74.00197139,593
257,Lispenard St & Broadway,40.71939226,-74.00247214,590
3282,5 Ave & E 88 St,40.78307,-73.95939,589
305,E 58 St & 3 Ave,40.76095756,-73.96724467,585
336,Sullivan St & Washington Sq,40.73047747,-73.99906065,581
3140,1 Ave & E 78 St,40.77140426,-73.9535166,579
2008,Little West St & 1 Pl,40.70569254,-74.01677685,577
268,Howard St & Centre St,40.71910537,-73.99973337,577
303,Mercer St & Spring St,40.72362738,-73.99949601,574
3158,W 63 St & Broadway,40.77163851,-73.98261428,573
3708,W 13 St & 5 Ave,40.735445,-73.99431,573
265,Stanton St & Chrystie St,40.72229346,-73.99147535,572
539,Metropolitan Ave & Bedford Ave,40.71534825,-73.96024116,570
335,Washington Pl & Broadway,40.72903917,-73.99404649,569
304,Broadway & Battery Pl,40.70463334,-74.01361706,568
3724,7 Ave & Central Park South,40.7667405590595,-73.9790689945221,565
3142,1 Ave & E 62 St,40.7612274,-73.96094022,562
319,Fulton St & Broadway,40.711066,-74.009447,560
3259,9 Ave & W 28 St,40.7493702419328,-73.9992338418961,552
540,Lexington Ave & E 29 St,40.7431155537649,-73.9821535348892,550
3016,Kent Ave & N 7 St,40.7203677529846,-73.9616507291794,548
311,Norfolk St & Broome St,40.7172274,-73.98802084,547
484,W 44 St & 5 Ave,40.75500254,-73.98014437,546
3093,N 6 St & Bedford Ave,40.71745169,-73.95850939,544
254,W 11 St & 6 Ave,40.73532427,-73.99800419,541
508,W 46 St & 11 Ave,40.76341379,-73.99667444,540
195,Liberty St & Broadway,40.70905623,-74.01043382,537
72,W 52 St & 11 Ave,40.76727216,-73.99392888,537
3718,E 11 St & Avenue B,40.7274642069239,-73.9795041829348,536
3163,Central Park West & W 68 St,40.7734066,-73.97782542,535
394,E 9 St & Avenue C,40.72521311,-73.97768752,534
546,E 30 St & Park Ave S,40.74444921,-73.98303529,530
315,South St & Gouverneur Ln,40.70355377,-74.00670227,529
533,Broadway & W 38 St,40.75299641,-73.98721619,528
536,1 Ave & E 30 St,40.74144387,-73.97536082,523
469,Broadway & W 53 St,40.76344058,-73.98268129,522
2012,E 27 St & 1 Ave,40.739445,-73.976806,522
3236,W 42 St & Dyer Ave,40.7589848139963,-73.9937996864319,521
382,University Pl & E 14 St,40.73492695,-73.99200509,519
417,Barclay St & Church St,40.71291224,-74.01020234,518
3463,E 16 St & Irving Pl,40.7353670556054,-73.9879739284515,516
500,Broadway & W 51 St,40.76228826,-73.98336183,515
3159,W 67 St & Broadway,40.77492513,-73.98266566,514
3168,Central Park West & W 85 St,40.78472675,-73.96961715,514
328,Watts St & Greenwich St,40.72405549,-74.00965965,513
325,E 19 St & 3 Ave,40.73624527,-73.98473765,511
383,Greenwich Ave & Charles St,40.735238,-74.000271,511
448,W 37 St & 10 Ave,40.75660359,-73.9979009,509
532,S 5 Pl & S 5 St,40.710451,-73.960876,507
3235,E 41 St & Madison Ave,40.752165280622,-73.9799219369888,502
3472,W 15 St & 10 Ave,40.742753828659,-74.0074735879898,499
3429,Hanson Pl & Ashland Pl,40.6850680730818,-73.9779075980186,498
174,E 25 St & 1 Ave,40.7381765,-73.97738662,493
3461,Murray St & Greenwich St,40.7148515052625,-74.0112233161926,487
3660,W 16 St & 8 Ave,40.7410215090027,-74.001384973526,484
3427,Lafayette St & Jersey St,40.7243052725033,-73.9960098266602,480
355,Bayard St & Baxter St,40.71602118,-73.99974372,479
3746,6 Ave & Broome St,40.7243083216022,-74.0047303587198,479
513,W 56 St & 10 Ave,40.768254,-73.988639,478
495,W 47 St & 10 Ave,40.76269882,-73.99301222,477
440,E 45 St & 3 Ave,40.75255434,-73.97282625,471
280,E 10 St & 5 Ave,40.73331967,-73.99510132,471
252,MacDougal St & Washington Sq,40.73226398,-73.99852205,469
309,Murray St & West St,40.7149787,-74.013012,465
3674,Jay St & York St,40.7014031725772,-73.9867267012596,463
164,E 47 St & 2 Ave,40.75323098,-73.97032517,463
410,Suffolk St & Stanton St,40.72066442,-73.98517977,459
296,Division St & Bowery,40.71413089,-73.9970468,459
3175,W 70 St & Amsterdam Ave,40.77748046,-73.98288594,448
3680,E 43 St & 5 Ave,40.7541208107793,-73.9802518486977,448
3143,5 Ave & E 78 St,40.7763214218227,-73.964273929596,447
456,E 53 St & Madison Ave,40.7597108,-73.97402311,444
346,Bank St & Hudson St,40.73652889,-74.00618026,443
2002,Wythe Ave & Metropolitan Ave,40.716887,-73.963198,443
3295,Central Park W & W 96 St,40.79127,-73.964839,442
483,E 12 St & 3 Ave,40.73223272,-73.98889957,440
485,W 37 St & 5 Ave,40.75038009,-73.98338988,439
489,10 Ave & W 28 St,40.75066386,-74.00176802,438
455,1 Ave & E 44 St,40.75001986,-73.96905301,436
3301,Columbus Ave & W 95 St,40.7919557,-73.968087,436
247,Perry St & Bleecker St,40.73535398,-74.00483091,436
238,Bank St & Washington St,40.7361967,-74.00859207,435
422,W 59 St & 10 Ave,40.770513,-73.988038,434
473,Rivington St & Chrystie St,40.72110063,-73.9919254,433
3156,E 72 St & York Ave,40.76663814,-73.95348296,427
3409,Bergen St & Smith St,40.6867443,-73.99063168,427
116,W 17 St & 8 Ave,40.74177603,-74.00149746,427
217,Old Fulton St,40.70277159,-73.99383605,425
3709,W 15 St & 6 Ave,40.7380461424828,-73.996429592371,425
3459,E 53 St & 3 Ave,40.7576322773944,-73.9693057537079,424
493,W 45 St & 6 Ave,40.7568001,-73.98291153,423
150,E 2 St & Avenue C,40.7208736,-73.98085795,422
362,Broadway & W 37 St,40.75172632,-73.98753523,422
2000,Front St & Washington St,40.70255088,-73.98940236,419
363,West Thames St,40.70834698,-74.01713445,416
460,S 4 St & Wythe Ave,40.71285887,-73.96590294,416
146,Hudson St & Reade St,40.71625008,-74.0091059,415
385,E 55 St & 2 Ave,40.75797322,-73.96603308,413
502,Henry St & Grand St,40.714215,-73.981346,407
522,E 51 St & Lexington Ave,40.75714758,-73.97207836,406
3374,Central Park North & Adam Clayton Powell Blvd,40.799484,-73.955613,406
3360,Amsterdam Ave & W 79 St,40.7829391,-73.9786517,404
279,Peck Slip & Front St,40.707873,-74.00167,403
480,W 53 St & 10 Ave,40.76669671,-73.99061728,403
3697,W 64 St & Thelonious Monk Circle,40.7751595343424,-73.9891869574785,402
3171,Amsterdam Ave & W 82 St,40.78524672,-73.97667321,402
3712,W 35 St & Dyer Ave,40.754691750226,-73.9974018931389,399
369,Washington Pl & 6 Ave,40.73224119,-74.00026394,399
3160,Central Park West & W 76 St,40.77896784,-73.97374737,399
3423,West Drive & Prospect Park West,40.6610633719006,-73.9794525504112,390
3715,Driggs Ave & N 9 St,40.7181696945421,-73.9552013576031,387
411,E 6 St & Avenue D,40.72228087,-73.97668709,379
3372,E 74 St & 1 Ave,40.7689738,-73.95482273,379
3258,W 27 St & 10 Ave,40.7501815632568,-74.0021842718124,378
349,Rivington St & Ridge St,40.71850211,-73.98329859,376
391,Clark St & Henry St,40.69760127,-73.99344559,372
267,Broadway & W 36 St,40.75097711,-73.98765428,370
228,E 48 St & 3 Ave,40.7546011026,-73.971878855,367
295,Pike St & E Broadway,40.71406667,-73.99293911,366
3521,Lenox Ave & W 111 St,40.7987859,-73.9523,364
3092,Berry St & N 8 St,40.7190095,-73.95852515,362
239,Willoughby St & Fleet St,40.69196566,-73.9813018,362
3440,Fulton St & Adams St,40.6924182925785,-73.989494740963,361
389,Broadway & Berry St,40.71044554,-73.96525063,357
393,E 5 St & Avenue C,40.72299208,-73.97995466,355
316,Fulton St & William St,40.70955958,-74.00653609,354
454,E 51 St & 1 Ave,40.75455731,-73.96592976,348
3112,Milton St & Franklin St,40.72906,-73.95779,347
324,DeKalb Ave & Hudson Ave,40.689888,-73.981013,345
3232,Bond St & Fulton St,40.6896218879033,-73.9830426871777,343
481,S 3 St & Bedford Ave,40.71260486,-73.96264403,343
302,Avenue D & E 3 St,40.72082834,-73.97793172,342
3402,Court St & State St,40.6902375,-73.99203074,342
3507,Park Ave & E 124 St,40.8045555,-73.9396861,341
3788,E 12 St & 4 Av,40.73269,-73.98974,341
3107,Bedford Ave & Nassau Ave,40.72311651,-73.95212324,340
3132,E 59 St & Madison Ave,40.76350532,-73.97109243,339
3699,W 50 St & 9 Ave,40.7636046779586,-73.9891795814037,338
259,South St & Whitehall St,40.70122128,-74.01234218,338
320,Leonard St & Church St,40.717571,-74.005549,337
3119,Vernon Blvd & 50 Ave,40.74232744,-73.95411749,337
427,Bus Slip & State St,40.701907,-74.013942,337
3725,2 Ave & E 72 St,40.7687620293096,-73.9584079384804,335
423,W 54 St & 9 Ave,40.76584941,-73.98690506,334
3314,W 95 St & Broadway,40.7937704,-73.971888,334
3812,University Pl & E 14 St,40.734814,-73.992085,327
331,Pike St & Monroe St,40.71173107,-73.99193043,325
415,Pearl St & Hanover Square,40.7047177,-74.00926027,321
360,William St & Pine St,40.70717936,-74.00887308,318
3166,Riverside Dr & W 72 St,40.7805779901033,-73.9856243133545,318
3161,W 76 St & Columbus Ave,40.7801839724239,-73.9772853255272,318
434,9 Ave & W 18 St,40.74317449,-74.00366443,317
3173,Riverside Blvd & W 67 St,40.777507027548,-73.9888858795166,315
3318,2 Ave & E 96 St,40.7839636,-73.9471673,314
323,Lawrence St & Willoughby St,40.69236178,-73.98631746,311
406,Hicks St & Montague St,40.69512845,-73.99595065,311
342,Columbia St & Rivington St,40.71739973,-73.98016555,311
524,W 43 St & 6 Ave,40.75527307,-73.98316936,310
321,Cadman Plaza E & Red Cross Pl,40.69991755,-73.98971773,310
337,Old Slip & Front St,40.7037992,-74.00838676,309
467,Dean St & 4 Ave,40.68312489,-73.97895137,309
308,St James Pl & Oliver St,40.71307916,-73.99851193,309
351,Front St & Maiden Ln,40.70530954,-74.00612572,308
79,Franklin St & W Broadway,40.71911552,-74.00666661,307
3283,W 89 St & Columbus Ave,40.7882213,-73.97041561,306
2009,Catherine St & Monroe St,40.71117444,-73.99682619,304
3737,Stanton St & Norfolk St,40.720747,-73.986274,304
266,Avenue D & E 8 St,40.72368361,-73.97574813,299
3658,W 18 St & 9 Ave,40.7435337324616,-74.0036755800247,299
3486,Schermerhorn St & Bond St,40.6884174275408,-73.9845165610313,299
3170,W 84 St & Columbus Ave,40.78499979,-73.97283406,297
3134,3 Ave & E 62 St,40.76312584,-73.96526895,296
398,Atlantic Ave & Furman St,40.69165183,-73.9999786,296
3110,Meserole Ave & Manhattan Ave,40.72708584,-73.95299117,294
3078,Broadway & Roebling St,40.7092482627616,-73.9606314897537,294
3148,E 84 St & 1 Ave,40.77565541,-73.95068615,292
224,Spruce St & Nassau St,40.71146364,-74.00552427,291
3177,W 84 St & Broadway,40.7867947,-73.977112,290
3733,Avenue C & E 18 St,40.730563,-73.973984,290
3350,W 100 St & Broadway,40.7973721,-73.97041192,288
143,Clinton St & Joralemon St,40.69239502,-73.99337909,287
264,Maiden Ln & Pearl St,40.70706456,-74.00731853,287
250,Lafayette St & Jersey St,40.72456089,-73.99565293,286
340,Madison St & Clinton St,40.71269042,-73.98776323,284
330,Reade St & Broadway,40.71450451,-74.00562789,281
3151,E 81 St & York Ave,40.7728384,-73.94989233,280
392,Jay St & Tech Pl,40.695065,-73.987167,279
3367,5 Ave & E 103 St,40.7922553,-73.95249933,278
3086,Graham Ave & Conselyea St,40.715143,-73.944507,276
3749,Lexington Ave & E 36 St,40.7475739589548,-73.9788007736206,276
332,Cherry St,40.71219906,-73.97948148,273
366,Clinton Ave & Myrtle Ave,40.693261,-73.968896,273
3346,Berkeley Pl & 7 Ave,40.6751468387098,-73.9752320945263,270
3108,Nassau Ave & Russell St,40.72557,-73.94434,268
3690,Park Pl & Church St,40.7133418427591,-74.0093551576138,268
386,Centre St & Worth St,40.71494807,-74.00234482,266
3305,E 91 St & 2 Ave,40.7811222993417,-73.9496558904648,265
3668,Leonard St & Nassau Ave,40.7239567849954,-73.9498436450958,264
270,Adelphi St & Myrtle Ave,40.69308257,-73.97178913,263
274,Lafayette Ave & Fort Greene Pl,40.68691865,-73.976682,261
3162,W 78 St & Broadway,40.78339981,-73.98093133,261
498,Broadway & W 32 St,40.74854862,-73.98808416,255
2017,E 43 St & 2 Ave,40.75022392,-73.97121414,255
3154,E 77 St & 3 Ave,40.77314236,-73.95856158,254
3747,E 84 St & 3 Ave,40.7775537429889,-73.9551275968552,254
3129,Queens Plaza North & Crescent St,40.75110165,-73.94073717,252
3362,Madison Ave & E 82 St,40.7781314,-73.96069399,252
3096,Union Ave & N 12 St,40.71924,-73.95242,249
3136,5 Ave & E 63 St,40.766368,-73.971518,248
3671,E 81 St & 2 Ave,40.7747794489573,-73.9542746543884,248
471,Grand St & Havemeyer St,40.71286844,-73.95698119,246
276,Duane St & Greenwich St,40.71748752,-74.0104554,243
3349,Grand Army Plaza & Plaza St West,40.6729679,-73.97087984,242
3113,Greenpoint Ave & Manhattan Ave,40.73026,-73.95394,242
3087,Metropolitan Ave & Meeker Ave,40.71413311,-73.95234386,241
3172,W 74 St & Columbus Ave,40.7785669,-73.97754961,241
3101,N 12 St & Bedford Ave,40.72079821,-73.95484712,241
3457,E 58 St & Madison Ave,40.7630259428052,-73.9720952510834,240
291,Madison St & Montgomery St,40.713126,-73.984844,239
516,E 47 St & 1 Ave,40.75206862,-73.96784384,238
83,Atlantic Ave & Fort Greene Pl,40.68382604,-73.97632328,238
3416,7 Ave & Park Pl,40.6776147,-73.97324283,238
3116,Huron St & Franklin St,40.73266,-73.95826,237
3320,Central Park West & W 100 St,40.7940666081855,-73.9628684520721,234
157,Henry St & Atlantic Ave,40.69089272,-73.99612349,232
441,E 52 St & 2 Ave,40.756014,-73.967416,232
3082,Hope St & Union Ave,40.71167351,-73.95141312,231
3553,Frederick Douglass Blvd & W 112 St,40.801694,-73.957145,231
282,Kent Ave & S 11 St,40.7076449441757,-73.9684152603149,229
534,Water - Whitehall Plaza,40.70255065,-74.0127234,229
3145,E 84 St & Park Ave,40.77862688,-73.95772073,228
3356,Amsterdam Ave & W 66 St,40.7746671,-73.98470567,226
356,Bialystoker Pl & Delancey St,40.71622644,-73.98261206,226
3734,E 58 St &  1 Ave (NW Corner),40.759125,-73.962658,226
3288,E 88 St & 1 Ave,40.778301,-73.9488134,225
3637,Fulton St & Waverly Ave,40.6832386546034,-73.9659959077835,225
249,Harrison St & Hudson St,40.71870987,-74.0090009,224
3376,E 65 St & 2 Ave,40.7647185194434,-73.9622206985951,223
3118,McGuinness Blvd & Eagle St,40.73555,-73.95284,223
3382,Carroll St & Smith St,40.680611,-73.99475825,222
341,Stanton St & Mangin St,40.71782143,-73.97628939,221
3139,E 72 St & Park Ave,40.7711828754066,-73.964094221592,221
390,Duffield St & Willoughby St,40.69221589,-73.9842844,221
310,State St & Smith St,40.68926942,-73.98912867,220
3534,Frederick Douglass Blvd & W 117 St,40.805159,-73.954692,219
3242,Schermerhorn St & Court St,40.6910292567797,-73.991833627224,219
339,Avenue D & E 12 St,40.72580614,-73.97422494,219
244,Willoughby Ave & Hall St,40.69196035,-73.96536851,219
3226,W 82 St & Central Park West,40.78275,-73.97137,219
3285,W 87 St & Amsterdam Ave,40.78839,-73.9747,218
3354,3 St & Prospect Park West,40.668132,-73.97363831,218
399,Lafayette Ave & St James Pl,40.68851534,-73.9647628,218
314,Cadman Plaza West & Montague St,40.69383,-73.990539,216
3323,W 106 St & Central Park West,40.7981856,-73.9605909006,215
3628,Lenox Ave & W 117 St,40.8025566,-73.9490782,214
408,Market St & Cherry St,40.71076228,-73.99400398,214
3106,Driggs Ave & N Henry St,40.72325,-73.94308,213
376,John St & William St,40.70862144,-74.00722156,213
3135,E 75 St & 3 Ave,40.77112927,-73.95772297,213
3408,Congress St & Clinton St,40.6881529,-73.99520919,211
3351,E 102 St & 1 Ave,40.7869946,-73.94164802,211
3292,5 Ave & E 93 St,40.7857851,-73.957481,210
3458,W 55 St & 6 Ave,40.763093872708,-73.9783501625061,210
3328,W 100 St & Manhattan Ave,40.795,-73.9645,209
3378,E 76 St & Park Ave,40.773763,-73.96222088,209
3155,Lexington Ave & E 63 St,40.76440023,-73.96648977,207
3400,E 110 St & Madison Ave,40.7961535,-73.94782145,207
3798,W 40 St & 5 Ave,40.752269,-73.982079,206
437,Macon St & Nostrand Ave,40.6809833854,-73.9500479759,205
3336,E 97 St & Madison Ave,40.787801,-73.953559,204
3307,West End Ave & W 94 St,40.7941654,-73.974124,203
3243,E 58 St & 1 Ave,40.758923863777,-73.9622622728348,203
3293,W 92 St & Broadway,40.7921,-73.9739,203
3368,5 Ave & 3 St,40.6728155,-73.98352355,202
3383,Cathedral Pkwy & Broadway,40.804213,-73.96699104,202
3648,Flushing Ave & Vanderbilt Ave,40.6979503156954,-73.9707756042481,202
3576,Park Pl & Vanderbilt Ave,40.6767,-73.969024,201
3420,Douglass St & 3 Ave,40.6802133,-73.98432695,200
3335,Union St & 4 Ave,40.6772744,-73.98282002,200
3799,6 Ave & W 34 St,40.74964,-73.98805,200
2023,E 55 St & Lexington Ave,40.75968085,-73.97031366,199
3124,46 Ave & 5 St,40.74731,-73.95451,199
3809,W 55 St & 6 Ave,40.763201,-73.978458,199
3169,Riverside Dr & W 82 St,40.78720869,-73.98128127,198
3518,Lenox Ave & W 126 St,40.808442,-73.9452087,197
3315,Henry St & Degraw St,40.6847514,-73.99917254,196
298,3 Ave & Schermerhorn St,40.68683208,-73.9796772,195
3497,Pleasant Ave & E 116 St,40.7949879,-73.9333349,194
3418,Plaza St West & Flatbush Ave,40.6750207,-73.97111473,193
3286,E 89 St & 3 Ave,40.7806284,-73.9521667,193
3584,Eastern Pkwy & Franklin Ave,40.6707767,-73.9576801,192
3085,Roebling St & N 4 St,40.71469,-73.95739,192
3538,W 110 St & Amsterdam Ave,40.802692,-73.96295,191
258,DeKalb Ave & Vanderbilt Ave,40.68940747,-73.96885458,191
3508,St Nicholas Ave & Manhattan Ave,40.809725,-73.953149,188
3526,31 St & 23 Ave,40.7747878,-73.9125551,187
3593,31 St & Broadway,40.761584,-73.925921,187
241,DeKalb Ave & S Portland Ave,40.68981035,-73.97493121,187
364,Lafayette Ave & Classon Ave,40.68900443,-73.96023854,187
3109,Banker St & Meserole Ave,40.72606,-73.95621,185
3077,Stagg St & Union Ave,40.70877084,-73.95095259,184
260,Broad St & Bridge St,40.70365182,-74.01167797,184
3146,E 81 St & 3 Ave,40.77573034,-73.9567526,184
261,Johnson St & Gold St,40.69474881,-73.98362464,183
3150,E 85 St & York Ave,40.77536905,-73.94803392,183
3308,Kane St & Clinton St,40.6861758,-73.99645295,182
344,Monroe St & Bedford Ave,40.6851443,-73.95380904,182
3100,Nassau Ave & Newell St,40.7248125644002,-73.947526216507,181
3701,Cliff St & Fulton St,40.708317943664,-74.0050408244133,178
3398,Smith St & 9 St,40.6746957,-73.99785768,178
3783,Cliff St & Fulton St,40.70838,-74.00495,178
3547,Broadway & Moylan Pl,40.8143256,-73.9590255,177
3373,3 St & 3 Ave,40.6750705,-73.98775226,176
3294,E 91 St & Park Ave,40.7835016,-73.955327,176
354,Emerson Pl & Myrtle Ave,40.69363137,-73.96223558,175
3529,Lenox Ave & W 130 St,40.8107922,-73.9430681,175
416,Cumberland St & Lafayette Ave,40.68753406,-73.97265183,174
3115,India St & Manhattan Ave,40.73232194,-73.9550858,173
3537,Carlton Ave & Dean St,40.6809741,-73.9710097,173
3298,Warren St & Court St,40.686371,-73.99383324,173
3558,Bergen St & Vanderbilt Ave,40.6794388,-73.9680438,173
3117,Franklin St & Dupont St,40.73564,-73.95866,172
3417,Baltic St & 5 Ave,40.6795766,-73.97854971,171
313,Washington Ave & Park Ave,40.69610226,-73.96751037,171
3496,1 Ave & E 110 St,40.7923272,-73.9383,170
3223,E 55 St & 3 Ave,40.7589965596051,-73.9686539769173,170
3414,Bergen St & Flatbush Ave,40.6809447234773,-73.9756733179092,170
3178,Riverside Dr & W 78 St,40.78414472,-73.98362492,169
3571,Bedford Ave & Bergen St,40.676368,-73.952918,169
3533,St. Nicholas Ave & W 126 St,40.8114323,-73.9518776,167
3453,Devoe St & Lorimer St,40.7133522622288,-73.9491033554077,167
3369,E 82 St & East End Ave,40.7724607,-73.9468208,167
3076,Scholes St & Manhattan Ave,40.70870368,-73.9448625,167
3290,E 89 St & York Ave,40.7779453,-73.946041,166
3721,31 St & Newtown Ave,40.7675487799971,-73.9209334552288,166
418,Front St & Gold St,40.70224,-73.982578,164
3321,Clinton St & Union St,40.6831164,-73.99785267,164
3572,34 Ave & 38 St,40.756913,-73.921631,163
3312,1 Ave & E 94 St,40.7817212,-73.94594,163
3630,Frederick Douglass Blvd & W 115 St,40.8038654,-73.9559308,163
3081,Graham Ave & Grand St,40.711863,-73.944024,163
3377,Carroll St & Bond St,40.6786115,-73.99037292,163
3147,E 85 St & 3 Ave,40.77801203,-73.95407149,162
3080,S 4 St & Rodney St,40.70934,-73.95608,162
3599,Franklin Ave & Empire Blvd,40.66314,-73.9605695,162
3357,W 106 St & Amsterdam Ave,40.8008363,-73.9664492472,162
3126,44 Dr & Jackson Ave,40.74718234,-73.9432635,161
3411,Bond St & Bergen St,40.6849668,-73.98620772,159
3074,Montrose Ave & Bushwick Ave,40.70767788,-73.94016171,159
3370,E 78 St & 2 Ave,40.7727966,-73.95577801,159
262,Washington Park,40.6917823,-73.9737299,159
3364,Carroll St & 5 Ave,40.6751622,-73.9814832,157
3430,Richardson St & N Henry St,40.7190789117956,-73.9422369003296,156
3549,Grand Ave & Bergen St,40.678045,-73.962408,155
3422,Columbia St & Degraw St,40.6859296,-74.00242364,155
248,Laight St & Hudson St,40.72185379,-74.00771779,155
3064,Myrtle Ave & Lewis Ave,40.69681963,-73.93756926,155
3552,W 113 St & Broadway,40.805973,-73.964928,155
3102,Driggs Ave & Lorimer St,40.72179134,-73.9504154,154
3562,Classon Ave & St Marks Ave,40.6765198,-73.9596082,154
3361,Carroll St & 6 Ave,40.6740886,-73.9787282,153
3539,W 116 St & Amsterdam Ave,40.8067581,-73.9607082,153
3452,Bayard St & Leonard St,40.7191557169604,-73.9488539099693,151
353,S Portland Ave & Hanson Pl,40.68539567,-73.97431458,150
3231,E 67 St & Park Ave,40.7678008014813,-73.9659208059311,149
120,Lexington Ave & Classon Ave,40.68676793,-73.95928168,149
3375,3 Ave & E 72 St,40.7699426,-73.96060712,148
3509,Lenox Ave & W 115 St,40.8011939,-73.9500739,148
419,Carlton Ave & Park Ave,40.69580705,-73.97355569,147
3131,E 68 St & 3 Ave,40.7671284034954,-73.9622461795807,146
243,Fulton St & Rockwell Pl,40.688226,-73.979382,146
3536,W 116 St & Broadway,40.8082,-73.9641,145
3365,3 St & 7 Ave,40.6703837,-73.97839676,144
3331,Riverside Dr & W 104 St,40.8013434,-73.9711457439,143
3345,Madison Ave & E 99 St,40.7894854155322,-73.9524292945862,142
3437,Riverside Dr & W 91 St,40.7931348098666,-73.9770036935806,142
3289,W 90 St & Amsterdam Ave,40.7901794809508,-73.9728891849518,141
3419,Douglass St & 4 Ave,40.6792788,-73.98154004,140
3389,Carroll St & Columbia St,40.6830456,-74.00348559,140
242,Carlton Ave & Flushing Ave,40.697787,-73.973736,140
3338,2 Ave & E 99 St,40.7862586,-73.94552579,139
82,St James Pl & Pearl St,40.71117416,-74.00016545,139
3425,2 Ave & E 104 St,40.7892105,-73.94370784,139
3723,Cadman Plaza E & Johnson St,40.695317277669,-73.9901572465897,138
3684,W 12 St & W 4 St,40.7375612118114,-74.0039826929569,138
3379,E 103 St & Lexington Ave,40.7903051,-73.94755757,137
3676,Van Brunt St & Van Dyke St,40.6758329439129,-74.0147262811661,137
3693,N 11 St & Kent Ave,40.7224818863822,-73.9592193067074,136
3296,E 93 St & 2 Ave,40.7824541752799,-73.9489196240902,135
3434,W 88 St & West End Ave,40.7902541733042,-73.9771834015846,135
3366,West End Ave & W 107 St,40.8021174,-73.9681805305,135
3157,East End Ave & E 86 St,40.77518615,-73.94446054,134
3673,Dean St & Franklin Ave,40.6775920693738,-73.955637216568,133
3454,Leonard St & Maujer St,40.7103685423523,-73.9470595121384,133
3254,Soissons Landing,40.6923166071919,-74.0148657560349,133
3304,6 Ave & 9 St,40.668127,-73.98377641,132
3544,Underhill Ave & Pacific St,40.6804836,-73.9646795,132
3125,45 Rd & 11 St,40.74708586,-73.94977234,131
3581,Underhill Ave & Lincoln Pl,40.6740123,-73.9671457,131
3403,4 Ave & 9 St,40.6705135,-73.98876585,130
2022,E 60 St & York Ave,40.759107,-73.959223,129
3057,Kosciuszko St & Tompkins Ave,40.69128258,-73.9452416,129
3358,Garfield Pl & 8 Ave,40.6711978,-73.97484126,129
3152,3 Ave & E 71 St,40.76873687,-73.96119945,129
275,Washington Ave & Greene Ave,40.68650065,-73.96563307,128
3555,28 St & 41 Ave,40.751047,-73.93797,128
3689,W 104 St & Amsterdam Ave,40.799041392883,-73.9664947986603,126
3319,14 St & 5 Ave,40.666287,-73.98895053,126
3329,Degraw St & Smith St,40.6829151,-73.99318208,125
3615,44 Dr & 21 St,40.748,-73.9460927,125
3415,Prospect Pl & 6 Ave,40.6793307,-73.97519523,125
3300,Prospect Park West & 8 St,40.6651468153379,-73.9763760566711,124
3502,Lexington Ave & E 111 St,40.7954121,-73.9441232,124
3412,Pacific St & Nevins St,40.6853761,-73.98302136,123
3284,E 88 St & Park Ave,40.78141070019,-73.9559590816498,123
144,Nassau St & Navy St,40.69839895,-73.98068914,123
420,Clermont Ave & Lafayette Ave,40.68764484,-73.96968902,123
289,Monroe St & Classon Ave,40.6845683,-73.95881081,122
3355,E 66 St & Madison Ave,40.7680088930595,-73.9684528112412,122
3384,Smith St & 3 St,40.6787242,-73.99599099,122
3306,10 St & 7 Ave,40.6662078,-73.98199886,121
3469,India St & West St,40.7318140172097,-73.9599502086639,121
3810,Central Park West & W 82 St,40.782593,-73.971211,121
3583,Eastern Pkwy & Washington Ave,40.6716493,-73.9631145,120
3790,Henry St & Middagh St,40.7003,-73.991581,120
3396,Clinton St & 4 Place,40.6783563,-74.00014502,119
3339,Berkeley Pl & 6 Ave,40.6765304,-73.97846879,119
343,Clinton Ave & Flushing Ave,40.69794,-73.96986848,119
3311,Columbia St & Kane St,40.68763155,-74.0016256,118
3094,Graham Ave & Withers St,40.7169811,-73.94485918,118
3049,Cambridge Pl & Gates Ave,40.68488,-73.96304,118
3052,Lewis Ave & Madison St,40.686312,-73.935775,117
3343,W 107 St & Columbus Ave,40.7997568,-73.9621128676,117
3574,Prospect Pl & Underhill Ave,40.6769694,-73.96579,116
3413,Wyckoff St & 3 Ave,40.6827549,-73.98258555,116
3728,Pierrepont St & Monroe Pl,40.6953569332023,-73.9934402704239,115
3580,St Johns Pl & Washington Ave,40.6737236,-73.9631611,114
3344,Pioneer St & Van Brunt St,40.679043,-74.011169,113
278,Concord St & Bridge St,40.69766564,-73.98476437,113
3310,14 St & 7 Ave,40.663779,-73.98396846,113
245,Myrtle Ave & St Edwards St,40.69327018,-73.97703874,113
3410,Dean St & Hoyt St,40.6864442,-73.98759104,113
3386,1 Pl & Clinton St,40.6809591,-73.99905709,113
3390,E 109 St & 3 Ave,40.79329668,-73.9432083,112
3303,Butler St & Court St,40.6849894,-73.99440329,112
3359,E 68 St & Madison Ave,40.7691572,-73.96703464,111
464,E 56 St & 3 Ave,40.75934501,-73.96759673,111
3083,Bushwick Ave & Powers St,40.71247661,-73.94100005,110
3241,Monroe St & Tompkins Ave,40.686203,-73.944694,110
3182,Yankee Ferry Terminal,40.686931,-74.016966,110
3714,Division Av & Hooper St,40.7068420310133,-73.9544353965357,108
3510,Adam Clayton Powell Blvd & W 123 St,40.8078316,-73.949373,108
216,Columbia Heights & Cranberry St,40.70037867,-73.99548059,107
3494,E 115 St & Lexington Ave,40.797911,-73.9423,107
3407,Union St & Nevins St,40.6790979972168,-73.9876547455788,106
3130,21 St & Queens Plaza North,40.75325964,-73.94335788,106
357,E 11 St & Broadway,40.73261787,-73.99158043,105
400,Pitt St & Stanton St,40.71926081,-73.98178024,105
3629,Adam Clayton Powell Blvd & W 126 St,40.8094953477795,-73.9477649331093,104
3249,Verona Pl & Fulton St,40.6803560840434,-73.9476791024208,104
3623,W 120 St & Claremont Ave,40.8109494,-73.9634,103
3341,Central Park West & W 102 St,40.795346,-73.96186,103
3474,6 Ave & Spring St,40.7252556952547,-74.0041208267212,102
3047,Halsey St & Tompkins Ave,40.6823687,-73.944118,102
396,Lefferts Pl & Franklin Ave,40.680342423,-73.9557689392,102
3535,Mt Morris Park W & W 120 St,40.804038,-73.945925,102
3071,Boerum St & Broadway,40.70538077,-73.94976519,101
3363,E 102 St & Park Ave,40.7904828,-73.95033068,100
3579,Sterling Pl & Bedford Ave,40.672695,-73.954131,100
3056,Kosciuszko St & Nostrand Ave,40.69072549,-73.95133465,100
3611,Vernon Blvd & 47 Rd,40.7449067,-73.9534573,100
3569,Franklin Ave & St Marks Ave,40.6758324,-73.9561677,99
3540,Morningside Ave & W 123 St,40.81,-73.9551508,99
3067,Broadway & Whipple St,40.7016657,-73.9437303,99
3297,6 St & 7 Ave,40.6686627,-73.97988067,98
3542,Amsterdam Ave & W 119 St,40.8086249,-73.9596214,98
3069,Lorimer St & Broadway,40.70411791,-73.94818595,98
421,Clermont Ave & Park Ave,40.69573398,-73.97129668,97
3387,E 106 St & Madison Ave,40.7934337,-73.94945003,96
414,Pearl St & Anchorage Pl,40.70281858,-73.98765762,96
3397,Court St & Nelson St,40.6763947,-73.99869893,96
3388,President St & Henry St,40.6828003,-73.99990419,96
3597,43 St & Broadway,40.7577284,-73.9166368,95
3391,E 106 St & 1 Ave,40.7892529,-73.93956237,95
3050,Putnam Ave & Throop Ave,40.6851532,-73.94111,94
397,Fulton St & Clermont Ave,40.68415748,-73.96922273,94
3313,6 Ave & 12 St,40.6663181,-73.9854617,93
3491,E 118 St & 1 Ave,40.79747,-73.93504,93
3662,31 Ave & Steinway St,40.7612938972891,-73.916916847229,93
3592,Crescent St & Broadway,40.7633589,-73.9286471,93
3332,Degraw St & Hoyt St,40.681990442707,-73.9907902479172,92
3347,Van Brunt St & Wolcott St,40.6773429,-74.01275056,92
3602,31 Ave & 34 St,40.763154,-73.920827,91
3404,7 St & 5 Ave,40.6704922,-73.98541675,91
3804,Front St & Jay St,40.702461,-73.986842,90
3060,Willoughby Ave & Tompkins Ave,40.69425403,-73.94626915,88
436,Hancock St & Bedford Ave,40.68216564,-73.95399026,88
3531,Frederick Douglass Blvd & W 129 St,40.8125511,-73.9492286,88
3105,N 15 St & Wythe Ave,40.724055,-73.955736,88
3578,Park Pl & Franklin Ave,40.6741806,-73.9564947,88
3062,Myrtle Ave & Marcy Ave,40.69539817,-73.94954908,88
3479,Picnic Point,40.6851255951541,-74.0253531932831,88
3495,E 114 St & 1 Ave,40.7945663,-73.9362541,87
3042,Fulton St & Utica Ave,40.6794268,-73.9298911,86
3493,E 118 St & 3 Ave,40.799139,-73.9389152,86
3520,Adam Clayton Powell Blvd & W 118 St,40.804372,-73.951475,86
3095,Graham Ave & Herbert St,40.71929301,-73.94500379,85
3424,E 106 St & Lexington Ave,40.791976,-73.945993,85
3088,Union Ave & Jackson St,40.7160751,-73.952029,84
3618,27 St & Hunter St,40.7485,-73.941275,84
372,Franklin Ave & Myrtle Ave,40.694546087246,-73.9580136537552,83
3516,31 St & Astoria Blvd,40.7699176,-73.9184057,83
3058,Lewis Ave & Kosciuszko St,40.69237074,-73.93705428,83
3500,E 115 St & Madison Ave,40.7989445,-73.944846,83
3317,10 St & 5 Ave,40.6686273,-73.98700053,83
3570,35 Ave & 37 St,40.7557327,-73.9236611,83
3613,Center Blvd & 48 Ave,40.745038,-73.957539,82
3619,Newtown Ave & 23 St,40.7713615,-73.9246145,82
3466,W 45 St & 6 Ave,40.7566872060318,-73.9825773239136,82
3405,5 St & 6 Ave,40.6704836,-73.98208968,81
3532,Ditmars Blvd & 19 St,40.78145,-73.9183302,80
3591,21 St & 31 Dr,40.7659,-73.930819,80
443,Bedford Ave & S 9 St,40.70853074,-73.96408963,80
3055,Greene Ave & Nostrand Ave,40.6883337,-73.950916,80
3501,E 118 St & Madison Ave,40.8014866,-73.9442507,79
365,Fulton St & Grand Ave,40.68223166,-73.9614583,79
3616,Steinway St & 28 Ave,40.7656251,-73.9136695,79
3054,Greene Ave & Throop Ave,40.6894932,-73.942061,78
3745,36 Ave & 31 St,40.7565127298496,-73.9295748621225,78
3524,19 St & 24 Ave,40.7774552,-73.9225403,77
3726,Center Blvd & 51 Ave,40.7433660802702,-73.95960688591,77
3399,7 St & 3 Ave,40.6726029815013,-73.9898300170898,77
3511,Adam Clayton Powell Blvd & W 115 St,40.802535,-73.9532423,76
3498,Pleasant Ave & E 120 St,40.7974772,-73.9311847,76
3490,E 116 St & 2 Ave,40.796879,-73.937261,76
373,Willoughby Ave & Walworth St,40.69331716,-73.95381995,76
3041,Kingston Ave & Herkimer St,40.67890679,-73.94142771,75
3348,Coffey St & Conover St,40.677236,-74.015665,75
3755,DeKalb Ave & Franklin Ave,40.6906480708294,-73.9574617892504,75
3121,Jackson Ave & 46 Rd,40.74524768,-73.94733276,74
3622,E 128 St & Madison Ave,40.80756,-73.939182,74
3589,Broadway & 12 St,40.7668,-73.9347774,74
3309,E 97 St & 3 Ave,40.7859201,-73.94860294,74
3299,E 98 St & Park Ave,40.78813,-73.95206,73
2010,Grand St & Greene St,40.72165481,-74.00234737,73
3478,2 Ave & 36 St - Citi Bike HQ at Industry City,40.6570886666849,-74.0087020397186,73
3065,Union Ave & Wallabout St,40.70029511,-73.95032283,73
3048,Putnam Ave & Nostrand Ave,40.68402,-73.94977,73
3560,28 St & 38 Ave,40.754876,-73.934326,72
3545,Broadway & W 122 St,40.8120562,-73.9612547,72
3815,E 51 St & 2 Ave,40.755293,-73.967641,72
119,Park Ave & St Edwards St,40.69608941,-73.97803415,71
3072,Leonard St & Boerum St,40.70583339,-73.94644578,70
3514,Astoria Park S & Shore Blvd,40.7767,-73.927631,70
3588,Vernon Blvd & 10 St,40.7671863,-73.9373554,70
3610,Vernon Blvd & 30 Rd,40.770845,-73.934171,70
3727,Frost St & Meeker Ave,40.7176619708399,-73.948800265789,70
3287,W 87 St & West End Ave,40.789622,-73.97757,70
3659,W 17 St & 9 Ave,40.7429489166009,-74.0041369199753,69
3556,24 St & 41 Ave,40.7527085,-73.9397405,69
3046,Marcus Garvey Blvd & Macon St,40.682601,-73.938037,69
3381,3 St & Hoyt St,40.6777287,-73.99364123,69
3771,McKibbin St & Bogart St,40.706237,-73.933871,69
3675,3 Ave & E 95 St,40.7845967988489,-73.949685394764,68
3527,5 Ave & E 126 St,40.80698,-73.941747,68
3609,Vernon Blvd & 31 Ave,40.7692475,-73.9354504,68
3541,Amsterdam Ave & W 125 St,40.813358,-73.956461,68
367,E 53 St & Lexington Ave,40.75828065,-73.97069431,68
3324,3 Ave & 14 St,40.6685455,-73.99333264,67
3603,31 Ave & 30 St,40.7647,-73.9240312,67
3606,49 Ave & 21 St,40.74252,-73.948852,65
3066,Tompkins Ave & Hopkins St,40.69957608,-73.94708417,65
3504,E 123 St & Lexington Ave,40.8029263,-73.9379,65
3043,Lewis Ave & Decatur St,40.6814598,-73.934903,65
3327,3 Ave & E 100 St,40.7877214,-73.94728331,64
3492,E 118 St & Park Ave,40.8005385,-73.9419949,64
3691,28 Ave & 44 St,40.7640893235069,-73.9106512069702,64
3068,Humboldt St & Varet St,40.7031724,-73.940636,63
3515,24 Ave & 26 St,40.774591,-73.918544,63
3763,Wyckoff Av & Jefferson St,40.707165,-73.923711,63
3604,Rogers Ave & Sterling St,40.6630619,-73.9538746,62
3179,Park Ave & Marcus Garvey Blvd,40.698617,-73.941342,62
3503,Madison Ave & E 120 St,40.80295,-73.942954,62
3506,Lexington Ave & E 120 St,40.8013066,-73.9398167,62
3605,31 Ave & Crescent St,40.7658346,-73.9265474,62
3595,35 St & Broadway,40.760339,-73.9222427,61
3499,2 Ave & E 122 St,40.8006721,-73.9349,61
3528,Steinway St & 23 Ave,40.7713937,-73.9077436,61
3059,Pulaski St & Marcus Garvey Blvd,40.6933982,-73.939877,61
3551,3 Ave & E 112 St,40.795508,-73.941606,60
3053,Marcy Ave & Lafayette Ave,40.6900815,-73.947915,60
3766,Sharon St & Olive St,40.715353,-73.93856,59
3761,Cedar St & Myrtle Ave,40.697842,-73.926241,58
3070,McKibbin St & Manhattan Ave,40.70510918,-73.94407279,57
3649,W 129 St & Convent Ave,40.8143944379158,-73.9532473683357,57
3614,Crescent St & 30 Ave,40.768692,-73.9249574,57
3075,Division Ave & Marcy Ave,40.70708701,-73.95796783,56
3582,Lincoln Pl & Classon Ave,40.6721683,-73.9609,56
3617,28 Ave & 35 St,40.7671,-73.9169858,55
3128,21 St & 43 Ave,40.75052534,-73.94594845,55
3127,9 St & 44 Rd,40.74966,-73.9521,55
3063,Nostrand Ave & Myrtle Ave,40.69527008,-73.95238108,55
3543,Morningside Dr & Amsterdam Ave,40.81028506306,-73.9573645591736,55
3756,White St & Moore St,40.704508,-73.9351,55
3573,35 St & 34 Ave,40.7580583,-73.9242751,54
3441,10 Hudson Yards,40.752957,-74.00264,54
3561,37 Ave & 35 St,40.7531106,-73.9279917,53
3144,E 81 St & Park Ave,40.77677702,-73.9590097,53
3781,Greene Av & Myrtle Av,40.698568,-73.918877,53
3462,E 44 St & 2 Ave,40.7511838746328,-73.9713871479034,52
3302,Columbus Ave & W 103 St,40.7969347,-73.9643412291,52
3392,Commerce St & Van Brunt St,40.6812117,-74.00860912,52
3621,27 Ave & 9 St,40.7739825,-73.9309134,52
3762,3 Ave & Carroll St,40.677027,-73.9865,52
3782,Brooklyn Bridge Park - Pier 2,40.698458,-73.997178,52
407,Henry St & Poplar St,40.700469,-73.991454,51
3221,47 Ave & 31 St,40.743,-73.93561,51
3431,E 35 St & 3 Ave,40.746524,-73.977885,51
3449,Eckford St & Engert Ave,40.7214625622982,-73.9480090141296,51
3575,Crescent St & 34 Ave,40.76108,-73.930562,51
3123,31 St & Thomson Ave,40.74469738,-73.93540375,50
3692,5 St & Market St,40.6999974843885,-73.9744012802839,49
3646,35 Ave & 10 St,40.7631548191037,-73.9398550987244,49
3523,24 Ave & 29 St,40.7729,-73.916142,49
3352,Sigourney St & Columbia St,40.6726724341095,-74.0087952464819,48
3598,Newton Rd & 44 St,40.7595701,-73.9142678,48
3505,Lexington Ave & E 127 St,40.805726,-73.936322,47
3776,Central Ave & Starr Street,40.700003,-73.92834,47
3793,Stuyvesant Walk & 1 Av Loop,40.7323397771511,-73.9789838343859,47
3563,28 St & 36 Ave,40.757186,-73.932719,46
3517,31 St & Hoyt Ave N,40.7711528,-73.9170074,46
3568,34 St & 35 Ave,40.7569332,-73.9262231,46
3601,Sterling St & Bedford Ave,40.6627059,-73.9569115,45
3122,48 Ave & 5 St,40.7443632870669,-73.9558732509613,45
3061,Throop Ave & Myrtle Ave,40.69622937,-73.94371094,44
3565,36 Ave & 10 St,40.7614376,-73.9411265,44
3789,Fulton St & Irving Pl,40.68186,-73.959432,44
3525,23 Ave & 27 St,40.776165,-73.9153175,43
3566,Crescent St & 35 Ave,40.7596276,-73.9321455,43
3760,Willoughby Ave & Wyckoff Ave,40.705614,-73.92153,43
3322,12 St & 4 Ave,40.668603,-73.9904394,42
3546,Pacific St & Classon Ave,40.6791944,-73.9587903,42
3720,Wyckoff St & Bond St,40.6846165389795,-73.9872128516436,42
3557,40 Ave & 9 St,40.75742,-73.945133,42
3585,Union St & Bedford Ave,40.6691783,-73.9554162,41
3522,37 St & 24 Ave,40.7701477,-73.9120938,41
3770,Central Ave & Flushing Ave,40.702831,-73.9333,41
3607,31 Ave & 14 St,40.7682,-73.9322662,40
3394,Columbia St & W 9 St,40.6769993,-74.00647134,39
3554,Vernon Blvd & 41 Rd,40.7552433,-73.9485678,39
3612,30 Ave & 21 St,40.7703743,-73.9286078,39
3456,Jackson St & Leonard St,40.7163803197356,-73.9482128620148,39
3787,Dock 72 Way & Market St,40.69985,-73.97141,39
3908,Battery Pl & Greenwich St,40.70463,-74.01507,39
3759,Irving Ave & Jefferson St,40.70538,-73.92535,38
3577,34 Ave & 21 St,40.7628138,-73.9342862,37
3587,Carroll St & Washington Ave,40.6686744,-73.9618148,37
3393,Richards St & Delavan St,40.6794327,-74.00785041,37
3620,11 St & 43 Ave,40.7519071,-73.9479119,36
3513,21 St & Hoyt Ave S,40.774645,-73.923706,36
3590,Carroll St & Franklin Ave,40.6679411,-73.9588,36
3767,Powers St & Olive St,40.71323,-73.93894,36
3772,Devoe St & Morgan Ave,40.713811,-73.93515,36
3856,Kingsland Ave & Nassau Ave,40.72577,-73.94173,36
3647,48 Ave & 30 Pl,40.7412830935599,-73.9372587203979,35
3608,5 St & 51 Ave,40.7423737,-73.9566,35
3596,Sullivan Pl & Bedford Ave,40.6642406,-73.9574686,35
3340,Wolcott St & Dwight St,40.6753274,-74.0100698,34
3342,Pioneer St & Richards St,40.6777748,-74.0094613,34
3530,Crescent St & Ditmars Blvd,40.7787185,-73.9145645,33
3654,31 St & Northern Blvd,40.7518695142188,-73.933492898941,33
3774,Knickerbocker Ave & George St,40.704425,-73.92836,33
3477,39 St & 2 Ave - Citi Bike HQ at Industry City,40.6553997744783,-74.0106278657913,32
3044,Albany Ave & Fulton St,40.6800105,-73.938475,32
3778,Irving Ave & DeKalb Ave,40.7027,-73.92095,32
3775,Suydam St & Knickerbocker Ave,40.702013,-73.923769,30
3779,Hart St & Wyckoff Ave,40.704876,-73.919911,30
3395,Henry St & W 9 St,40.6763744,-74.00324957,29
3326,Clinton St & Centre St,40.67434,-74.00194698,28
3337,Dwight St & Van Dyke St,40.673635513415,-74.0119555592537,28
3716,40 Ave & Crescent St,40.7535992020056,-73.9379560947418,28
3325,E 95 St & 3 Ave,40.7849032,-73.950503,28
3758,George St & Wilson Ave,40.702997,-73.92997,27
3661,Montgomery St & Franklin Ave,40.6664393068708,-73.9605563879013,26
3564,21 St & 36 Ave,40.7601853,-73.9362726,26
3586,34 Ave & 13 St,40.7638753,-73.9364848,25
3246,Montague St & Clinton St,40.6942811413973,-73.9923003315926,25
3704,47 Ave & Skillman Ave,40.7437524099784,-73.941764831543,24
3773,Knickerbocker Ave & Thames St,40.70539,-73.92976,24
3768,Waterbury St & Stagg St,40.71019,-73.93734,23
3777,Stockholm St & Wilson Ave,40.699304,-73.923044,23
3795,10 St & 2 Ave,40.671907,-73.993612,23
3663,Sterling Pl & 7 Ave,40.6771648946906,-73.973827958107,22
3371,4 Ave & 2 St,40.6746134224758,-73.9850114285946,21
3401,2 Ave & 9 St,40.6724811,-73.99331394,21
3330,Henry St & Bay St,40.6725058,-74.00494695,21
3559,21 St & 38 Ave,40.7576314,-73.9391224,20
3333,Columbia St & Lorraine St,40.6747055,-74.0075572,20
3805,E 80 St & Park Ave,40.776173,-73.959757,19
3814,E 56 St & Madison Ave,40.761573,-73.972628,19
3898,E 63 St & 3 Ave,40.763954,-73.9646,19
409,DeKalb Ave & Skillman St,40.6906495,-73.95643107,18
3823,Beaver St & Fayette St,40.70099,-73.93921,18
3881,12 Ave & W 125 St,40.818299,-73.960405,18
3764,Bushwick Ave & McKibbin St,40.705517,-73.93936,17
3567,11 St & 35 Ave,40.7627442,-73.9391141,15
3091,Frost St & Meeker St,40.71764,-73.94882,14
3631,Crown St & Bedford Ave,40.666563,-73.956741,14
2005,Railroad Ave & Kay Ave,40.70531194,-73.97100056,14
3765,Bushwick Ave & Stagg St,40.709897,-73.94008,14
3769,White St & Johnson Ave,40.707174,-73.93581,14
3818,Calyer St & Jewel St,40.72984,-73.94839,14
3757,Stagg St & Morgan Ave,40.710681,-73.93372,13
3803,Bedford Ave & Montgomery St,40.665816,-73.956934,13
3512,27 Ave & 4 St,40.7747175,-73.9337894,11
3820,Willoughby Ave & Myrtle Ave,40.69757,-73.93098,11
3731,W 47 St & 6 Ave,40.758397,-73.98255,11
3857,Engert Ave & McGuinness Blvd,40.72158,-73.94546,10
3740,W Broadway & W Houston St,40.726378,-74.000472,10
3153,E 71 St & 2 Ave,40.7681754674225,-73.9591026306152,9
3432,NYCBS Depot - GOW,40.6690601350111,-73.9946365356445,9
3844,Myrtle Ave & Linden St,40.69943,-73.91337,9
3843,Myrtle Ave & Grove St,40.69905,-73.91516,9
3852,Stewart Ave & Johnson Ave,40.70869,-73.92587,9
3739,Perry St & Greenwich Ave,40.735918,-74.000939,9
3653,31 St & 35 Ave,40.7582046469676,-73.9283215999603,8
3811,27 Ave & 3 St,40.77485,-73.9342,8
3845,Irving Ave & Harman St,40.70108,-73.9179,8
3858,Kent St & McGuinness Blvd,40.73124,-73.95161,8
3848,Suydam St & Broadway,40.69544,-73.93223,8
3890,Grove St & Broadway,40.69047,-73.923511,8
3744,1 Ave & E 5 St,40.725864,-73.986389,8
3489,Gold St & Frankfort St,40.7106999463139,-74.003541469574,7
3853,Harrison Pl & Porter Ave,40.70686,-73.92851,7
3870,Melrose St & Broadway,40.697481,-73.935877,7
3780,Wyckoff Av & Stanhope St,40.703545,-73.917775,7
3860,Wilson Ave & Troutman St,40.70166,-73.92754,7
3840,Putnam Ave & Wyckoff Ave,40.69811,-73.90904,7
3850,Jefferson St & Cypress Ave,40.70907,-73.92157,7
3785,W 42 St & 6 Ave,40.75492,-73.98455,7
3819,Green St & McGuinness Blvd,40.73396,-73.95204,6
3846,Central Ave & Himrod St,40.69676,-73.92302,6
3822,Bushwick Ave & Forrest St,40.70076,-73.93641,6
3862,Linden St & Knickerbocker Ave,40.69714,-73.91566,6
3832,Central Ave & Weirfield St,40.69055,-73.91181,6
3842,Bushwick Ave & Dekalb Ave,40.69502,-73.92825,5
3854,Morgan Ave & Maspeth Ave,40.716657,-73.93637,5
3841,Menahan St & Central Ave,40.69543,-73.9196,5
3827,Halsey St & Broadway,40.68565,-73.91564,5
3869,Van Buren St & Broadway,40.692,-73.92617,5
3851,Metropolitan Ave & Stewart Ave,40.71401,-73.92793,4
3835,Knickerbocker Ave & Hancock St,40.69385,-73.90974,4
3828,Eldert St & Bushwick Ave,40.68652,-73.91321,4
3833,Madison St & Evergreen Ave,40.69122,-73.91693,4
3245,NYCBS DEPOT - DELANCEY,40.7164442313448,-73.9823305606842,3
3837,Broadway & Kosciuszko St,40.69329,-73.92852,3
3821,Evergreen Ave & Noll St,40.70106,-73.93318,3
3849,Suydam St & St. Nicholas Ave,40.70636,-73.91945,3
3839,Putnam Ave & Knickerbocker Ave,40.69545,-73.91164,3
3895,Cypress Ave & Palmetto St,40.7015734087379,-73.9087629318237,3
3865,Knickerbocker Ave & Cooper St,40.69081,-73.90448,3
3899,Manhattan Av & Leonard St,40.72084,-73.94844,3
3863,Central Ave & Woodbine St,40.69296,-73.91605,3
3893,Rockaway Ave & Bainbridge St,40.6831998817276,-73.9116664230824,3
3855,Frost St & Debevoise Ave,40.71882,-73.93948,2
3817,Withers St & Kingsland Ave,40.71773,-73.94051,2
3864,Central Ave & Covert St,40.68929,-73.90951,2
3900,Morgan Ave & Lombardy St,40.72226,-73.93889,2
3838,Bushwick Ave & Harman St,40.69356,-73.92524,2
3879,Broadway & Madison St,40.68822,-73.91966,2
3861,Menahan St & Wyckoff Ave,40.70113,-73.91422,2
3866,Wilson Ave & Moffat St,40.68906,-73.90506,2
3834,Irving Ave & Halsey St,40.69467,-73.90663,2
3873,Madison St & Cypress Ave,40.70068,-73.90742,2
3877,Madison St & Forest Ave,40.70555,-73.90245,2
3888,Woodward Ave & Harman St,40.70793,-73.91092,2
3250,58th St Depot,40.7169097804597,-73.9838379621506,1
3040,Handlebar @ Gowanus,40.6697996422003,-73.9949798583984,1
3836,Bushwick Ave & Linden St,40.69146,-73.92146,1
3868,Knickerbocker Ave & Halsey St,40.693,-73.90824,1
3829,Central Ave & Decatur St,40.6882,-73.90798,1
3826,Moffat St & Bushwick,40.68458,-73.90925,1
3847,Cedar St & Evergreen Ave,40.69671,-73.92807,1
3876,Forest Ave & Summerfield St,40.69922,-73.89795,1
3902,Fairview Ave & Linden St,40.70694,-73.90632,1
3824,Van Sinderen Ave & Truxton St,40.6786,-73.90369,1
3907,Central Ave & Melrose St,40.70112,-73.93039,1
3910,Greene Ave & Grandview Ave,40.709697,-73.907856,1
3859,Lorimer St & Calyer St,40.72795,-73.95414,1
3887,Flushing Ave & Woodward Ave,40.71246,-73.91873,1
3830,Halsey St & Evergreen Ave,40.68858,-73.91227,1
3880,Willoughby Ave & Onderdonk Ave,40.7098,-73.91727,1
3901,Stanhope St & Fairview Ave,40.70998,-73.91116,1
3831,Broadway & Hancock St,40.68663,-73.9168,1
3892,38 Ave & 29 St,40.75473,-73.93367,1
3896,Madison St & Seneca Ave,40.70183,-73.90625,1
3882,Norman St & Wyckoff Ave,40.69517,-73.90311,1
