end station id,N,name,latitude,longitude
72,26,W 52 St & 11 Ave,40.76727216,-73.99392888
79,12,Franklin St & W Broadway,40.71911552,-74.00666661
82,3,St James Pl & Pearl St,40.71117416,-74.00016545
83,10,Atlantic Ave & Fort Greene Pl,40.68382604,-73.97632328
116,36,W 17 St & 8 Ave,40.74177603,-74.00149746
119,5,Park Ave & St Edwards St,40.69608941,-73.97803415
120,7,Lexington Ave & Classon Ave,40.68676793,-73.95928168
127,53,Barrow St & Hudson St,40.73172428,-74.00674436
128,42,MacDougal St & Prince St,40.72710258,-74.00297088
143,6,Clinton St & Joralemon St,40.69239502,-73.99337909
144,3,Nassau St & Navy St,40.69839895,-73.98068914
146,16,Hudson St & Reade St,40.71625008,-74.0091059
150,28,E 2 St & Avenue C,40.7208736,-73.98085795
151,57,Cleveland Pl & Spring St,40.722103786686,-73.997249007225
157,13,Henry St & Atlantic Ave,40.69089272,-73.99612349
161,31,LaGuardia Pl & W 3 St,40.72917025,-73.99810231
164,19,E 47 St & 2 Ave,40.75323098,-73.97032517
167,22,E 39 St & 3 Ave,40.7489006,-73.97604882
168,54,W 18 St & 6 Ave,40.73971301,-73.99456405
173,21,Broadway & W 49 St,40.7606832709659,-73.9845272898674
174,19,E 25 St & 1 Ave,40.7381765,-73.97738662
195,28,Liberty St & Broadway,40.70905623,-74.01043382
212,26,W 16 St & The High Line,40.74334935,-74.00681753
216,5,Columbia Heights & Cranberry St,40.70037867,-73.99548059
217,27,Old Fulton St,40.70277159,-73.99383605
223,35,W 13 St & 7 Ave,40.73781509,-73.99994661
224,11,Spruce St & Nassau St,40.71146364,-74.00552427
228,15,E 48 St & 3 Ave,40.7546011026,-73.971878855
229,37,Great Jones St,40.72743423,-73.99379025
236,54,St Marks Pl & 2 Ave,40.7284186,-73.98713956
237,43,E 11 St & 2 Ave,40.73047309,-73.98672378
238,29,Bank St & Washington St,40.7361967,-74.00859207
239,22,Willoughby St & Fleet St,40.69196566,-73.9813018
241,9,DeKalb Ave & S Portland Ave,40.68981035,-73.97493121
242,11,Carlton Ave & Flushing Ave,40.697787,-73.973736
243,8,Fulton St & Rockwell Pl,40.688226,-73.979382
244,13,Willoughby Ave & Hall St,40.69196035,-73.96536851
245,8,Myrtle Ave & St Edwards St,40.69327018,-73.97703874
247,37,Perry St & Bleecker St,40.73535398,-74.00483091
248,5,Laight St & Hudson St,40.72185379,-74.00771779
249,7,Harrison St & Hudson St,40.71870987,-74.0090009
250,13,Lafayette St & Jersey St,40.72456089,-73.99565293
251,47,Mott St & Prince St,40.72317958,-73.99480012
252,26,MacDougal St & Washington Sq,40.73226398,-73.99852205
254,24,W 11 St & 6 Ave,40.73532427,-73.99800419
257,20,Lispenard St & Broadway,40.71939226,-74.00247214
258,11,DeKalb Ave & Vanderbilt Ave,40.68940747,-73.96885458
259,23,South St & Whitehall St,40.70122128,-74.01234218
260,8,Broad St & Bridge St,40.70365182,-74.01167797
261,14,Johnson St & Gold St,40.69474881,-73.98362464
262,6,Washington Park,40.6917823,-73.9737299
264,12,Maiden Ln & Pearl St,40.70706456,-74.00731853
265,39,Stanton St & Chrystie St,40.72229346,-73.99147535
266,18,Avenue D & E 8 St,40.72368361,-73.97574813
267,12,Broadway & W 36 St,40.75097711,-73.98765428
268,33,Howard St & Centre St,40.71910537,-73.99973337
270,14,Adelphi St & Myrtle Ave,40.69308257,-73.97178913
274,13,Lafayette Ave & Fort Greene Pl,40.68691865,-73.976682
275,6,Washington Ave & Greene Ave,40.68650065,-73.96563307
276,9,Duane St & Greenwich St,40.71748752,-74.0104554
278,6,Concord St & Bridge St,40.69766564,-73.98476437
279,23,Peck Slip & Front St,40.707873,-74.00167
280,16,E 10 St & 5 Ave,40.73331967,-73.99510132
281,25,Grand Army Plaza & Central Park S,40.7643971,-73.97371465
282,16,Kent Ave & S 11 St,40.7076449441757,-73.9684152603149
284,49,Greenwich Ave & 8 Ave,40.7390169121,-74.0026376103
285,68,Broadway & E 14 St,40.73454567,-73.99074142
289,7,Monroe St & Classon Ave,40.6845683,-73.95881081
291,15,Madison St & Montgomery St,40.713126,-73.984844
293,56,Lafayette St & E 8 St,40.7302066052996,-73.9910262823105
295,25,Pike St & E Broadway,40.71406667,-73.99293911
296,28,Division St & Bowery,40.71413089,-73.9970468
297,51,E 15 St & 3 Ave,40.734232,-73.986923
298,16,3 Ave & Schermerhorn St,40.68683208,-73.9796772
301,44,E 2 St & Avenue B,40.72217444,-73.98368779
302,19,Avenue D & E 3 St,40.72082834,-73.97793172
303,30,Mercer St & Spring St,40.72362738,-73.99949601
304,17,Broadway & Battery Pl,40.70463334,-74.01361706
305,18,E 58 St & 3 Ave,40.76095756,-73.96724467
307,50,Canal St & Rutgers St,40.71427487,-73.98990025
308,17,St James Pl & Oliver St,40.71307916,-73.99851193
309,32,Murray St & West St,40.7149787,-74.013012
310,11,State St & Smith St,40.68926942,-73.98912867
311,28,Norfolk St & Broome St,40.7172274,-73.98802084
312,38,Allen St & Stanton St,40.722055,-73.989111
313,8,Washington Ave & Park Ave,40.69610226,-73.96751037
314,7,Cadman Plaza West & Montague St,40.69383,-73.990539
315,36,South St & Gouverneur Ln,40.70355377,-74.00670227
316,19,Fulton St & William St,40.70955958,-74.00653609
317,39,E 6 St & Avenue B,40.72453734,-73.98185424
319,23,Fulton St & Broadway,40.711066,-74.009447
320,12,Leonard St & Church St,40.717571,-74.005549
321,20,Cadman Plaza E & Red Cross Pl,40.69991755,-73.98971773
323,21,Lawrence St & Willoughby St,40.69236178,-73.98631746
324,17,DeKalb Ave & Hudson Ave,40.689888,-73.981013
325,23,E 19 St & 3 Ave,40.73624527,-73.98473765
326,54,E 11 St & 1 Ave,40.72953837,-73.98426726
327,62,Vesey Pl & River Terrace,40.7153379,-74.01658354
328,30,Watts St & Greenwich St,40.72405549,-74.00965965
330,7,Reade St & Broadway,40.71450451,-74.00562789
331,20,Pike St & Monroe St,40.71173107,-73.99193043
332,31,Cherry St,40.71219906,-73.97948148
334,40,W 20 St & 7 Ave,40.74238787,-73.99726235
335,17,Washington Pl & Broadway,40.72903917,-73.99404649
336,41,Sullivan St & Washington Sq,40.73047747,-73.99906065
337,7,Old Slip & Front St,40.7037992,-74.00838676
339,14,Avenue D & E 12 St,40.72580614,-73.97422494
340,20,Madison St & Clinton St,40.71269042,-73.98776323
341,12,Stanton St & Mangin St,40.71782143,-73.97628939
342,20,Columbia St & Rivington St,40.71739973,-73.98016555
343,5,Clinton Ave & Flushing Ave,40.69794,-73.96986848
344,11,Monroe St & Bedford Ave,40.6851443,-73.95380904
346,29,Bank St & Hudson St,40.73652889,-74.00618026
347,30,Greenwich St & W Houston St,40.728846,-74.008591
349,33,Rivington St & Ridge St,40.71850211,-73.98329859
350,34,Clinton St & Grand St,40.71559509,-73.9870295
351,17,Front St & Maiden Ln,40.70530954,-74.00612572
353,11,S Portland Ave & Hanson Pl,40.68539567,-73.97431458
354,8,Emerson Pl & Myrtle Ave,40.69363137,-73.96223558
355,28,Bayard St & Baxter St,40.71602118,-73.99974372
356,24,Bialystoker Pl & Delancey St,40.71622644,-73.98261206
358,85,Christopher St & Greenwich St,40.73291553,-74.00711384
359,25,E 47 St & Park Ave,40.75510267,-73.97498696
360,17,William St & Pine St,40.70717936,-74.00887308
361,45,Allen St & Hester St,40.71605866,-73.99190759
362,21,Broadway & W 37 St,40.75172632,-73.98753523
363,29,West Thames St,40.70834698,-74.01713445
364,8,Lafayette Ave & Classon Ave,40.68900443,-73.96023854
365,5,Fulton St & Grand Ave,40.68223166,-73.9614583
366,13,Clinton Ave & Myrtle Ave,40.693261,-73.968896
368,59,Carmine St & 6 Ave,40.73038599,-74.00214988
369,26,Washington Pl & 6 Ave,40.73224119,-74.00026394
372,4,Franklin Ave & Myrtle Ave,40.694546087246,-73.9580136537552
373,5,Willoughby Ave & Walworth St,40.69331716,-73.95381995
376,11,John St & William St,40.70862144,-74.00722156
377,15,6 Ave & Canal St,40.72243797,-74.00566443
379,53,W 31 St & 7 Ave,40.749156,-73.9916
380,48,W 4 St & 7 Ave S,40.73401143,-74.00293877
382,35,University Pl & E 14 St,40.73492695,-73.99200509
383,25,Greenwich Ave & Charles St,40.735238,-74.000271
385,10,E 55 St & 2 Ave,40.75797322,-73.96603308
386,18,Centre St & Worth St,40.71494807,-74.00234482
387,42,Centre St & Chambers St,40.71273266,-74.0046073
388,15,W 26 St & 10 Ave,40.749717753,-74.002950346
389,24,Broadway & Berry St,40.71044554,-73.96525063
390,13,Duffield St & Willoughby St,40.69221589,-73.9842844
391,23,Clark St & Henry St,40.69760127,-73.99344559
392,15,Jay St & Tech Pl,40.695065,-73.987167
393,35,E 5 St & Avenue C,40.72299208,-73.97995466
394,29,E 9 St & Avenue C,40.72521311,-73.97768752
396,3,Lefferts Pl & Franklin Ave,40.680342423,-73.9557689392
397,9,Fulton St & Clermont Ave,40.68415748,-73.96922273
398,21,Atlantic Ave & Furman St,40.69165183,-73.9999786
399,12,Lafayette Ave & St James Pl,40.68851534,-73.9647628
400,10,Pitt St & Stanton St,40.71926081,-73.98178024
401,47,Allen St & Rivington St,40.72019576,-73.98997825
402,57,Broadway & E 22 St,40.7403432,-73.98955109
403,37,E 2 St & 2 Ave,40.72502876,-73.99069656
405,52,Washington St & Gansevoort St,40.739323,-74.008119
406,19,Hicks St & Montague St,40.69512845,-73.99595065
408,15,Market St & Cherry St,40.71076228,-73.99400398
410,25,Suffolk St & Stanton St,40.72066442,-73.98517977
411,26,E 6 St & Avenue D,40.72228087,-73.97668709
412,37,Forsyth St & Canal St,40.7158155,-73.99422366
414,2,Pearl St & Anchorage Pl,40.70281858,-73.98765762
415,16,Pearl St & Hanover Square,40.7047177,-74.00926027
416,11,Cumberland St & Lafayette Ave,40.68753406,-73.97265183
417,41,Barclay St & Church St,40.71291224,-74.01020234
418,8,Front St & Gold St,40.70224,-73.982578
419,9,Carlton Ave & Park Ave,40.69580705,-73.97355569
420,9,Clermont Ave & Lafayette Ave,40.68764484,-73.96968902
421,5,Clermont Ave & Park Ave,40.69573398,-73.97129668
422,28,W 59 St & 10 Ave,40.770513,-73.988038
423,27,W 54 St & 9 Ave,40.76584941,-73.98690506
426,79,West St & Chambers St,40.71754834,-74.01322069
427,18,Bus Slip & State St,40.701907,-74.013942
432,38,E 7 St & Avenue A,40.72621788,-73.98379855
434,33,9 Ave & W 18 St,40.74317449,-74.00366443
435,57,W 21 St & 6 Ave,40.74173969,-73.99415556
436,2,Hancock St & Bedford Ave,40.68216564,-73.95399026
437,9,Macon St & Nostrand Ave,40.6809833854,-73.9500479759
438,61,St Marks Pl & 1 Ave,40.72779126,-73.98564945
439,38,E 4 St & 2 Ave,40.7262807,-73.98978041
440,19,E 45 St & 3 Ave,40.75255434,-73.97282625
441,7,E 52 St & 2 Ave,40.756014,-73.967416
442,32,W 27 St & 7 Ave,40.746647,-73.993915
443,10,Bedford Ave & S 9 St,40.70853074,-73.96408963
445,74,E 10 St & Avenue A,40.72740794,-73.98142006
446,40,W 24 St & 7 Ave,40.74487634,-73.99529885
447,39,8 Ave & W 52 St,40.76370739,-73.9851615
448,44,W 37 St & 10 Ave,40.75660359,-73.9979009
450,27,W 49 St & 8 Ave,40.76227205,-73.98788205
453,55,W 22 St & 8 Ave,40.74475148,-73.99915362
454,22,E 51 St & 1 Ave,40.75455731,-73.96592976
455,11,1 Ave & E 44 St,40.75001986,-73.96905301
456,9,E 53 St & Madison Ave,40.7597108,-73.97402311
458,26,11 Ave & W 27 St,40.751396,-74.005226
459,66,W 20 St & 11 Ave,40.746745,-74.007756
460,25,S 4 St & Wythe Ave,40.71285887,-73.96590294
461,47,E 20 St & 2 Ave,40.73587678,-73.98205027
462,52,W 22 St & 10 Ave,40.74691959,-74.00451887
464,5,E 56 St & 3 Ave,40.75934501,-73.96759673
465,36,Broadway & W 41 St,40.75513557,-73.98658032
466,36,W 25 St & 6 Ave,40.74395411,-73.99144871
467,15,Dean St & 4 Ave,40.68312489,-73.97895137
468,36,Broadway & W 56 St,40.7652654,-73.98192338
469,17,Broadway & W 53 St,40.76344058,-73.98268129
470,43,W 20 St & 8 Ave,40.74345335,-74.00004031
471,19,Grand St & Havemeyer St,40.71286844,-73.95698119
472,22,E 32 St & Park Ave,40.7457121,-73.98194829
473,17,Rivington St & Chrystie St,40.72110063,-73.9919254
474,26,5 Ave & E 29 St,40.7451677,-73.98683077
476,43,E 31 St & 3 Ave,40.74394314,-73.97966069
477,51,W 41 St & 8 Ave,40.75640548,-73.9900262
478,53,11 Ave & W 41 St,40.76030096,-73.99884222
479,35,9 Ave & W 45 St,40.76019252,-73.9912551
480,21,W 53 St & 10 Ave,40.76669671,-73.99061728
481,26,S 3 St & Bedford Ave,40.71260486,-73.96264403
482,39,W 15 St & 7 Ave,40.73935542,-73.99931783
483,35,E 12 St & 3 Ave,40.73223272,-73.98889957
484,21,W 44 St & 5 Ave,40.75500254,-73.98014437
485,15,W 37 St & 5 Ave,40.75038009,-73.98338988
486,29,Broadway & W 29 St,40.7462009,-73.98855723
487,39,E 20 St & FDR Drive,40.73314259,-73.97573881
489,33,10 Ave & W 28 St,40.75066386,-74.00176802
490,53,8 Ave & W 33 St,40.751551,-73.993934
491,39,E 24 St & Park Ave S,40.74096374,-73.98602213
492,47,W 33 St & 7 Ave,40.75019995,-73.99093085
493,20,W 45 St & 6 Ave,40.7568001,-73.98291153
494,47,W 26 St & 8 Ave,40.74734825,-73.99723551
495,37,W 47 St & 10 Ave,40.76269882,-73.99301222
496,36,E 16 St & 5 Ave,40.73726186,-73.99238967
497,64,E 17 St & Broadway,40.73704984,-73.99009296
499,75,Broadway & W 60 St,40.76915505,-73.98191841
500,15,Broadway & W 51 St,40.76228826,-73.98336183
501,71,FDR Drive & E 35 St,40.744219,-73.97121214
502,26,Henry St & Grand St,40.714215,-73.981346
503,42,E 20 St & Park Ave,40.73827428,-73.98751968
504,53,1 Ave & E 16 St,40.73221853,-73.98165557
505,42,6 Ave & W 33 St,40.74901271,-73.98848395
507,31,E 25 St & 2 Ave,40.73912601,-73.97973776
508,28,W 46 St & 11 Ave,40.76341379,-73.99667444
509,21,9 Ave & W 22 St,40.7454973,-74.00197139
513,15,W 56 St & 10 Ave,40.768254,-73.988639
514,110,12 Ave & W 40 St,40.76087502,-74.00277668
515,40,W 43 St & 10 Ave,40.76009437,-73.99461843
516,12,E 47 St & 1 Ave,40.75206862,-73.96784384
517,23,Pershing Square South,40.751581,-73.97791
518,36,E 39 St & 2 Ave,40.74780373,-73.9734419
519,110,Pershing Square North,40.751873,-73.977706
520,19,W 52 St & 5 Ave,40.75992262,-73.97648516
522,15,E 51 St & Lexington Ave,40.75714758,-73.97207836
523,69,W 38 St & 8 Ave,40.75466591,-73.99138152
524,2,W 43 St & 6 Ave,40.75527307,-73.98316936
525,54,W 34 St & 11 Ave,40.75594159,-74.0021163
526,17,E 33 St & 5 Ave,40.74765947,-73.98490707
528,44,2 Ave & E 31 St,40.74290902,-73.97706058
529,37,W 42 St & 8 Ave,40.7575699,-73.99098507
530,42,11 Ave & W 59 St,40.7714967105444,-73.9904603362083
531,38,Forsyth St & Broome St,40.71893904,-73.99266288
532,32,S 5 Pl & S 5 St,40.710451,-73.960876
533,12,Broadway & W 38 St,40.75299641,-73.98721619
534,8,Water - Whitehall Plaza,40.70255065,-74.0127234
536,16,1 Ave & E 30 St,40.74144387,-73.97536082
539,32,Metropolitan Ave & Bedford Ave,40.71534825,-73.96024116
540,26,Lexington Ave & E 29 St,40.7431155537649,-73.9821535348892
545,31,E 23 St & 1 Ave,40.736502,-73.97809472
546,27,E 30 St & Park Ave S,40.74444921,-73.98303529
2000,25,Front St & Washington St,40.70255088,-73.98940236
2002,28,Wythe Ave & Metropolitan Ave,40.716887,-73.963198
2003,49,1 Ave & E 18 St,40.7338121919663,-73.9805442094803
2006,35,Central Park S & 6 Ave,40.76590936,-73.97634151
2008,38,Little West St & 1 Pl,40.70569254,-74.01677685
2009,26,Catherine St & Monroe St,40.71117444,-73.99682619
2012,7,E 27 St & 1 Ave,40.739445,-73.976806
2017,8,E 43 St & 2 Ave,40.75022392,-73.97121414
2021,52,W 45 St & 8 Ave,40.75929124,-73.98859651
2022,9,E 60 St & York Ave,40.759107,-73.959223
2023,5,E 55 St & Lexington Ave,40.75968085,-73.97031366
3002,70,South End Ave & Liberty St,40.711512,-74.015756
3016,44,Kent Ave & N 7 St,40.7203677529846,-73.9616507291794
3041,4,Kingston Ave & Herkimer St,40.67890679,-73.94142771
3042,6,Fulton St & Utica Ave,40.6794268,-73.9298911
3043,3,Lewis Ave & Decatur St,40.6814598,-73.934903
3044,2,Albany Ave & Fulton St,40.6800105,-73.938475
3046,5,Marcus Garvey Blvd & Macon St,40.682601,-73.938037
3047,5,Halsey St & Tompkins Ave,40.6823687,-73.944118
3048,5,Putnam Ave & Nostrand Ave,40.68402,-73.94977
3049,6,Cambridge Pl & Gates Ave,40.68488,-73.96304
3050,6,Putnam Ave & Throop Ave,40.6851532,-73.94111
3052,8,Lewis Ave & Madison St,40.686312,-73.935775
3053,8,Marcy Ave & Lafayette Ave,40.6900815,-73.947915
3054,5,Greene Ave & Throop Ave,40.6894932,-73.942061
3055,2,Greene Ave & Nostrand Ave,40.6883337,-73.950916
3056,10,Kosciuszko St & Nostrand Ave,40.69072549,-73.95133465
3057,10,Kosciuszko St & Tompkins Ave,40.69128258,-73.9452416
3058,5,Lewis Ave & Kosciuszko St,40.69237074,-73.93705428
3059,3,Pulaski St & Marcus Garvey Blvd,40.6933982,-73.939877
3060,6,Willoughby Ave & Tompkins Ave,40.69425403,-73.94626915
3061,1,Throop Ave & Myrtle Ave,40.69622937,-73.94371094
3062,3,Myrtle Ave & Marcy Ave,40.69539817,-73.94954908
3063,5,Nostrand Ave & Myrtle Ave,40.69527008,-73.95238108
3064,5,Myrtle Ave & Lewis Ave,40.69681963,-73.93756926
3065,5,Union Ave & Wallabout St,40.70029511,-73.95032283
3066,4,Tompkins Ave & Hopkins St,40.69957608,-73.94708417
3067,3,Broadway & Whipple St,40.7016657,-73.9437303
3068,3,Humboldt St & Varet St,40.7031724,-73.940636
3069,3,Lorimer St & Broadway,40.70411791,-73.94818595
3070,4,McKibbin St & Manhattan Ave,40.70510918,-73.94407279
3071,2,Boerum St & Broadway,40.70538077,-73.94976519
3072,4,Leonard St & Boerum St,40.70583339,-73.94644578
3074,11,Montrose Ave & Bushwick Ave,40.70767788,-73.94016171
3075,3,Division Ave & Marcy Ave,40.70708701,-73.95796783
3076,16,Scholes St & Manhattan Ave,40.70870368,-73.9448625
3077,12,Stagg St & Union Ave,40.70877084,-73.95095259
3078,13,Broadway & Roebling St,40.7092482627616,-73.9606314897537
3080,9,S 4 St & Rodney St,40.70934,-73.95608
3081,14,Graham Ave & Grand St,40.711863,-73.944024
3082,17,Hope St & Union Ave,40.71167351,-73.95141312
3083,5,Bushwick Ave & Powers St,40.71247661,-73.94100005
3085,16,Roebling St & N 4 St,40.71469,-73.95739
3086,12,Graham Ave & Conselyea St,40.715143,-73.944507
3087,16,Metropolitan Ave & Meeker Ave,40.71413311,-73.95234386
3088,9,Union Ave & Jackson St,40.7160751,-73.952029
3092,13,Berry St & N 8 St,40.7190095,-73.95852515
3093,32,N 6 St & Bedford Ave,40.71745169,-73.95850939
3094,7,Graham Ave & Withers St,40.7169811,-73.94485918
3095,5,Graham Ave & Herbert St,40.71929301,-73.94500379
3096,13,Union Ave & N 12 St,40.71924,-73.95242
3100,9,Nassau Ave & Newell St,40.7248125644002,-73.947526216507
3101,17,N 12 St & Bedford Ave,40.72079821,-73.95484712
3102,12,Driggs Ave & Lorimer St,40.72179134,-73.9504154
3105,4,N 15 St & Wythe Ave,40.724055,-73.955736
3106,10,Driggs Ave & N Henry St,40.72325,-73.94308
3107,20,Bedford Ave & Nassau Ave,40.72311651,-73.95212324
3108,20,Nassau Ave & Russell St,40.72557,-73.94434
3109,7,Banker St & Meserole Ave,40.72606,-73.95621
3110,26,Meserole Ave & Manhattan Ave,40.72708584,-73.95299117
3112,25,Milton St & Franklin St,40.72906,-73.95779
3113,21,Greenpoint Ave & Manhattan Ave,40.73026,-73.95394
3115,6,India St & Manhattan Ave,40.73232194,-73.9550858
3116,17,Huron St & Franklin St,40.73266,-73.95826
3117,17,Franklin St & Dupont St,40.73564,-73.95866
3118,12,McGuinness Blvd & Eagle St,40.73555,-73.95284
3119,9,Vernon Blvd & 50 Ave,40.74232744,-73.95411749
3121,7,Jackson Ave & 46 Rd,40.74524768,-73.94733276
3122,2,48 Ave & 5 St,40.7443632870669,-73.9558732509613
3123,1,31 St & Thomson Ave,40.74469738,-73.93540375
3124,16,46 Ave & 5 St,40.74731,-73.95451
3125,7,45 Rd & 11 St,40.74708586,-73.94977234
3126,9,44 Dr & Jackson Ave,40.74718234,-73.9432635
3127,1,9 St & 44 Rd,40.74966,-73.9521
3128,1,21 St & 43 Ave,40.75052534,-73.94594845
3129,22,Queens Plaza North & Crescent St,40.75110165,-73.94073717
3130,3,21 St & Queens Plaza North,40.75325964,-73.94335788
3131,7,E 68 St & 3 Ave,40.7671284034954,-73.9622461795807
3132,6,E 59 St & Madison Ave,40.76350532,-73.97109243
3134,9,3 Ave & E 62 St,40.76312584,-73.96526895
3135,9,E 75 St & 3 Ave,40.77112927,-73.95772297
3136,6,5 Ave & E 63 St,40.766368,-73.971518
3137,38,5 Ave & E 73 St,40.77282817,-73.96685276
3139,12,E 72 St & Park Ave,40.7711828754066,-73.964094221592
3140,37,1 Ave & E 78 St,40.77140426,-73.9535166
3141,30,1 Ave & E 68 St,40.76500525,-73.95818491
3142,36,1 Ave & E 62 St,40.7612274,-73.96094022
3143,17,5 Ave & E 78 St,40.7763214218227,-73.964273929596
3144,1,E 81 St & Park Ave,40.77677702,-73.9590097
3145,12,E 84 St & Park Ave,40.77862688,-73.95772073
3146,13,E 81 St & 3 Ave,40.77573034,-73.9567526
3148,24,E 84 St & 1 Ave,40.77565541,-73.95068615
3150,8,E 85 St & York Ave,40.77536905,-73.94803392
3151,19,E 81 St & York Ave,40.7728384,-73.94989233
3152,6,3 Ave & E 71 St,40.76873687,-73.96119945
3154,12,E 77 St & 3 Ave,40.77314236,-73.95856158
3155,5,Lexington Ave & E 63 St,40.76440023,-73.96648977
3156,14,E 72 St & York Ave,40.76663814,-73.95348296
3157,7,East End Ave & E 86 St,40.77518615,-73.94446054
3158,32,W 63 St & Broadway,40.77163851,-73.98261428
3159,28,W 67 St & Broadway,40.77492513,-73.98266566
3160,34,Central Park West & W 76 St,40.77896784,-73.97374737
3161,23,W 76 St & Columbus Ave,40.7801839724239,-73.9772853255272
3162,16,W 78 St & Broadway,40.78339981,-73.98093133
3163,38,Central Park West & W 68 St,40.7734066,-73.97782542
3164,28,Columbus Ave & W 72 St,40.7770575,-73.97898475
3165,36,Central Park West & W 72 St,40.7757937668367,-73.9762057363987
3166,27,Riverside Dr & W 72 St,40.7805779901033,-73.9856243133545
3167,32,Amsterdam Ave & W 73 St,40.7796680900731,-73.9809304475784
3168,34,Central Park West & W 85 St,40.78472675,-73.96961715
3169,16,Riverside Dr & W 82 St,40.78720869,-73.98128127
3170,12,W 84 St & Columbus Ave,40.78499979,-73.97283406
3171,32,Amsterdam Ave & W 82 St,40.78524672,-73.97667321
3172,16,W 74 St & Columbus Ave,40.7785669,-73.97754961
3173,30,Riverside Blvd & W 67 St,40.777507027548,-73.9888858795166
3175,35,W 70 St & Amsterdam Ave,40.77748046,-73.98288594
3177,15,W 84 St & Broadway,40.7867947,-73.977112
3178,19,Riverside Dr & W 78 St,40.78414472,-73.98362492
3179,5,Park Ave & Marcus Garvey Blvd,40.698617,-73.941342
3182,23,Yankee Ferry Terminal,40.686931,-74.016966
3221,1,47 Ave & 31 St,40.743,-73.93561
3226,15,W 82 St & Central Park West,40.78275,-73.97137
3231,4,E 67 St & Park Ave,40.7678008014813,-73.9659208059311
3232,14,Bond St & Fulton St,40.6896218879033,-73.9830426871777
3233,28,E 48 St & 5 Ave,40.7572456791173,-73.978059142828
3235,11,E 41 St & Madison Ave,40.752165280622,-73.9799219369888
3236,40,W 42 St & Dyer Ave,40.7589848139963,-73.9937996864319
3241,5,Monroe St & Tompkins Ave,40.686203,-73.944694
3242,14,Schermerhorn St & Court St,40.6910292567797,-73.991833627224
3243,9,E 58 St & 1 Ave,40.758923863777,-73.9622622728348
3244,38,University Pl & E 8 St,40.7314372408523,-73.9949034154415
3245,1,NYCBS DEPOT - DELANCEY,40.7164442313448,-73.9823305606842
3249,3,Verona Pl & Fulton St,40.6803560840434,-73.9476791024208
3254,19,Soissons Landing,40.6923166071919,-74.0148657560349
3255,114,8 Ave & W 31 St,40.7505853470215,-73.9946848154068
3256,68,Pier 40 - Hudson River Park,40.7277140777778,-74.011295735836
3258,10,W 27 St & 10 Ave,40.7501815632568,-74.0021842718124
3259,23,9 Ave & W 28 St,40.7493702419328,-73.9992338418961
3260,37,Mercer St & Bleecker St,40.7270636334831,-73.9966213703155
3263,43,Cooper Square & Astor Pl,40.7295149622495,-73.990752696991
3282,34,5 Ave & E 88 St,40.78307,-73.95939
3283,16,W 89 St & Columbus Ave,40.7882213,-73.97041561
3284,10,E 88 St & Park Ave,40.78141070019,-73.9559590816498
3285,9,W 87 St & Amsterdam Ave,40.78839,-73.9747
3286,11,E 89 St & 3 Ave,40.7806284,-73.9521667
3287,5,W 87 St & West End Ave,40.789622,-73.97757
3288,21,E 88 St & 1 Ave,40.778301,-73.9488134
3289,6,W 90 St & Amsterdam Ave,40.7901794809508,-73.9728891849518
3290,14,E 89 St & York Ave,40.7779453,-73.946041
3292,14,5 Ave & E 93 St,40.7857851,-73.957481
3293,6,W 92 St & Broadway,40.7921,-73.9739
3294,9,E 91 St & Park Ave,40.7835016,-73.955327
3295,19,Central Park W & W 96 St,40.79127,-73.964839
3296,5,E 93 St & 2 Ave,40.7824541752799,-73.9489196240902
3297,7,6 St & 7 Ave,40.6686627,-73.97988067
3298,13,Warren St & Court St,40.686371,-73.99383324
3299,2,E 98 St & Park Ave,40.78813,-73.95206
3300,14,Prospect Park West & 8 St,40.6651468153379,-73.9763760566711
3301,28,Columbus Ave & W 95 St,40.7919557,-73.968087
3302,3,Columbus Ave & W 103 St,40.7969347,-73.9643412291
3303,12,Butler St & Court St,40.6849894,-73.99440329
3304,2,6 Ave & 9 St,40.668127,-73.98377641
3305,21,E 91 St & 2 Ave,40.7811222993417,-73.9496558904648
3306,3,10 St & 7 Ave,40.6662078,-73.98199886
3307,19,West End Ave & W 94 St,40.7941654,-73.974124
3308,14,Kane St & Clinton St,40.6861758,-73.99645295
3309,3,E 97 St & 3 Ave,40.7859201,-73.94860294
3310,9,14 St & 7 Ave,40.663779,-73.98396846
3311,6,Columbia St & Kane St,40.68763155,-74.0016256
3312,13,1 Ave & E 94 St,40.7817212,-73.94594
3313,10,6 Ave & 12 St,40.6663181,-73.9854617
3314,24,W 95 St & Broadway,40.7937704,-73.971888
3315,16,Henry St & Degraw St,40.6847514,-73.99917254
3317,5,10 St & 5 Ave,40.6686273,-73.98700053
3318,13,2 Ave & E 96 St,40.7839636,-73.9471673
3319,9,14 St & 5 Ave,40.666287,-73.98895053
3320,23,Central Park West & W 100 St,40.7940666081855,-73.9628684520721
3321,14,Clinton St & Union St,40.6831164,-73.99785267
3322,4,12 St & 4 Ave,40.668603,-73.9904394
3323,20,W 106 St & Central Park West,40.7981856,-73.9605909006
3324,4,3 Ave & 14 St,40.6685455,-73.99333264
3325,1,E 95 St & 3 Ave,40.7849032,-73.950503
3326,1,Clinton St & Centre St,40.67434,-74.00194698
3327,2,3 Ave & E 100 St,40.7877214,-73.94728331
3328,11,W 100 St & Manhattan Ave,40.795,-73.9645
3329,8,Degraw St & Smith St,40.6829151,-73.99318208
3330,5,Henry St & Bay St,40.6725058,-74.00494695
3331,15,Riverside Dr & W 104 St,40.8013434,-73.9711457439
3332,2,Degraw St & Hoyt St,40.681990442707,-73.9907902479172
3333,1,Columbia St & Lorraine St,40.6747055,-74.0075572
3335,6,Union St & 4 Ave,40.6772744,-73.98282002
3336,11,E 97 St & Madison Ave,40.787801,-73.953559
3337,2,Dwight St & Van Dyke St,40.673635513415,-74.0119555592537
3338,4,2 Ave & E 99 St,40.7862586,-73.94552579
3339,7,Berkeley Pl & 6 Ave,40.6765304,-73.97846879
3340,2,Wolcott St & Dwight St,40.6753274,-74.0100698
3341,10,Central Park West & W 102 St,40.795346,-73.96186
3342,2,Pioneer St & Richards St,40.6777748,-74.0094613
3343,2,W 107 St & Columbus Ave,40.7997568,-73.9621128676
3344,6,Pioneer St & Van Brunt St,40.679043,-74.011169
3346,13,Berkeley Pl & 7 Ave,40.6751468387098,-73.9752320945263
3347,3,Van Brunt St & Wolcott St,40.6773429,-74.01275056
3348,9,Coffey St & Conover St,40.677236,-74.015665
3349,15,Grand Army Plaza & Plaza St West,40.6729679,-73.97087984
3350,28,W 100 St & Broadway,40.7973721,-73.97041192
3351,15,E 102 St & 1 Ave,40.7869946,-73.94164802
3352,3,Sigourney St & Columbia St,40.6726724341095,-74.0087952464819
3354,10,3 St & Prospect Park West,40.668132,-73.97363831
3355,6,E 66 St & Madison Ave,40.7680088930595,-73.9684528112412
3356,8,Amsterdam Ave & W 66 St,40.7746671,-73.98470567
3357,13,W 106 St & Amsterdam Ave,40.8008363,-73.9664492472
3358,9,Garfield Pl & 8 Ave,40.6711978,-73.97484126
3359,5,E 68 St & Madison Ave,40.7691572,-73.96703464
3360,19,Amsterdam Ave & W 79 St,40.7829391,-73.9786517
3361,7,Carroll St & 6 Ave,40.6740886,-73.9787282
3362,17,Madison Ave & E 82 St,40.7781314,-73.96069399
3363,5,E 102 St & Park Ave,40.7904828,-73.95033068
3364,5,Carroll St & 5 Ave,40.6751622,-73.9814832
3365,6,3 St & 7 Ave,40.6703837,-73.97839676
3366,11,West End Ave & W 107 St,40.8021174,-73.9681805305
3367,5,5 Ave & E 103 St,40.7922553,-73.95249933
3368,10,5 Ave & 3 St,40.6728155,-73.98352355
3369,7,E 82 St & East End Ave,40.7724607,-73.9468208
3370,9,E 78 St & 2 Ave,40.7727966,-73.95577801
3372,25,E 74 St & 1 Ave,40.7689738,-73.95482273
3373,8,3 St & 3 Ave,40.6750705,-73.98775226
3374,29,Central Park North & Adam Clayton Powell Blvd,40.799484,-73.955613
3375,3,3 Ave & E 72 St,40.7699426,-73.96060712
3376,9,E 65 St & 2 Ave,40.7647185194434,-73.9622206985951
3377,16,Carroll St & Bond St,40.6786115,-73.99037292
3378,7,E 76 St & Park Ave,40.773763,-73.96222088
3379,5,E 103 St & Lexington Ave,40.7903051,-73.94755757
3381,5,3 St & Hoyt St,40.6777287,-73.99364123
3382,13,Carroll St & Smith St,40.680611,-73.99475825
3383,25,Cathedral Pkwy & Broadway,40.804213,-73.96699104
3384,11,Smith St & 3 St,40.6787242,-73.99599099
3386,7,1 Pl & Clinton St,40.6809591,-73.99905709
3387,4,E 106 St & Madison Ave,40.7934337,-73.94945003
3388,12,President St & Henry St,40.6828003,-73.99990419
3389,10,Carroll St & Columbia St,40.6830456,-74.00348559
3390,5,E 109 St & 3 Ave,40.79329668,-73.9432083
3391,7,E 106 St & 1 Ave,40.7892529,-73.93956237
3392,5,Commerce St & Van Brunt St,40.6812117,-74.00860912
3393,4,Richards St & Delavan St,40.6794327,-74.00785041
3394,2,Columbia St & W 9 St,40.6769993,-74.00647134
3395,1,Henry St & W 9 St,40.6763744,-74.00324957
3396,17,Clinton St & 4 Place,40.6783563,-74.00014502
3397,5,Court St & Nelson St,40.6763947,-73.99869893
3398,9,Smith St & 9 St,40.6746957,-73.99785768
3399,3,7 St & 3 Ave,40.6726029815013,-73.9898300170898
3400,13,E 110 St & Madison Ave,40.7961535,-73.94782145
3402,20,Court St & State St,40.6902375,-73.99203074
3403,3,4 Ave & 9 St,40.6705135,-73.98876585
3404,6,7 St & 5 Ave,40.6704922,-73.98541675
3405,3,5 St & 6 Ave,40.6704836,-73.98208968
3407,6,Union St & Nevins St,40.6790979972168,-73.9876547455788
3408,14,Congress St & Clinton St,40.6881529,-73.99520919
3409,21,Bergen St & Smith St,40.6867443,-73.99063168
3410,5,Dean St & Hoyt St,40.6864442,-73.98759104
3411,11,Bond St & Bergen St,40.6849668,-73.98620772
3412,4,Pacific St & Nevins St,40.6853761,-73.98302136
3413,3,Wyckoff St & 3 Ave,40.6827549,-73.98258555
3414,7,Bergen St & Flatbush Ave,40.6809447234773,-73.9756733179092
3415,14,Prospect Pl & 6 Ave,40.6793307,-73.97519523
3416,7,7 Ave & Park Pl,40.6776147,-73.97324283
3417,13,Baltic St & 5 Ave,40.6795766,-73.97854971
3418,10,Plaza St West & Flatbush Ave,40.6750207,-73.97111473
3419,5,Douglass St & 4 Ave,40.6792788,-73.98154004
3420,7,Douglass St & 3 Ave,40.6802133,-73.98432695
3422,8,Columbia St & Degraw St,40.6859296,-74.00242364
3423,26,West Drive & Prospect Park West,40.6610633719006,-73.9794525504112
3424,4,E 106 St & Lexington Ave,40.791976,-73.945993
3425,10,2 Ave & E 104 St,40.7892105,-73.94370784
3427,24,Lafayette St & Jersey St,40.7243052725033,-73.9960098266602
3429,19,Hanson Pl & Ashland Pl,40.6850680730818,-73.9779075980186
3430,11,Richardson St & N Henry St,40.7190789117956,-73.9422369003296
3434,8,W 88 St & West End Ave,40.7902541733042,-73.9771834015846
3435,39,Grand St & Elizabeth St,40.718822,-73.99596
3437,11,Riverside Dr & W 91 St,40.7931348098666,-73.9770036935806
3440,8,Fulton St & Adams St,40.6924182925785,-73.989494740963
3441,1,10 Hudson Yards,40.752957,-74.00264
3443,11,W 52 St & 6 Ave,40.7613298312481,-73.9798200130463
3449,4,Eckford St & Engert Ave,40.7214625622982,-73.9480090141296
3452,10,Bayard St & Leonard St,40.7191557169604,-73.9488539099693
3453,10,Devoe St & Lorimer St,40.7133522622288,-73.9491033554077
3454,13,Leonard St & Maujer St,40.7103685423523,-73.9470595121384
3456,1,Jackson St & Leonard St,40.7163803197356,-73.9482128620148
3457,3,E 58 St & Madison Ave,40.7630259428052,-73.9720952510834
3459,17,E 53 St & 3 Ave,40.7576322773944,-73.9693057537079
3461,28,Murray St & Greenwich St,40.7148515052625,-74.0112233161926
3463,18,E 16 St & Irving Pl,40.7353670556054,-73.9879739284515
3467,42,W Broadway & Spring Street,40.7249467235942,-74.0016585588455
3469,13,India St & West St,40.7318140172097,-73.9599502086639
3472,33,W 15 St & 10 Ave,40.742753828659,-74.0074735879898
3477,2,39 St & 2 Ave - Citi Bike HQ at Industry City,40.6553997744783,-74.0106278657913
3478,2,2 Ave & 36 St - Citi Bike HQ at Industry City,40.6570886666849,-74.0087020397186
3479,9,Picnic Point,40.6851255951541,-74.0253531932831
3486,15,Schermerhorn St & Bond St,40.6884174275408,-73.9845165610313
3490,2,E 116 St & 2 Ave,40.796879,-73.937261
3491,5,E 118 St & 1 Ave,40.79747,-73.93504
3492,5,E 118 St & Park Ave,40.8005385,-73.9419949
3493,7,E 118 St & 3 Ave,40.799139,-73.9389152
3494,5,E 115 St & Lexington Ave,40.797911,-73.9423
3495,8,E 114 St & 1 Ave,40.7945663,-73.9362541
3496,7,1 Ave & E 110 St,40.7923272,-73.9383
3497,11,Pleasant Ave & E 116 St,40.7949879,-73.9333349
3498,5,Pleasant Ave & E 120 St,40.7974772,-73.9311847
3499,2,2 Ave & E 122 St,40.8006721,-73.9349
3500,6,E 115 St & Madison Ave,40.7989445,-73.944846
3501,4,E 118 St & Madison Ave,40.8014866,-73.9442507
3502,2,Lexington Ave & E 111 St,40.7954121,-73.9441232
3503,4,Madison Ave & E 120 St,40.80295,-73.942954
3504,4,E 123 St & Lexington Ave,40.8029263,-73.9379
3505,1,Lexington Ave & E 127 St,40.805726,-73.936322
3506,2,Lexington Ave & E 120 St,40.8013066,-73.9398167
3507,13,Park Ave & E 124 St,40.8045555,-73.9396861
3508,12,St Nicholas Ave & Manhattan Ave,40.809725,-73.953149
3509,3,Lenox Ave & W 115 St,40.8011939,-73.9500739
3510,2,Adam Clayton Powell Blvd & W 123 St,40.8078316,-73.949373
3511,3,Adam Clayton Powell Blvd & W 115 St,40.802535,-73.9532423
3512,2,27 Ave & 4 St,40.7747175,-73.9337894
3513,5,21 St & Hoyt Ave S,40.774645,-73.923706
3514,4,Astoria Park S & Shore Blvd,40.7767,-73.927631
3515,3,24 Ave & 26 St,40.774591,-73.918544
3516,7,31 St & Astoria Blvd,40.7699176,-73.9184057
3517,3,31 St & Hoyt Ave N,40.7711528,-73.9170074
3518,12,Lenox Ave & W 126 St,40.808442,-73.9452087
3520,6,Adam Clayton Powell Blvd & W 118 St,40.804372,-73.951475
3521,21,Lenox Ave & W 111 St,40.7987859,-73.9523
3522,1,37 St & 24 Ave,40.7701477,-73.9120938
3523,1,24 Ave & 29 St,40.7729,-73.916142
3524,7,19 St & 24 Ave,40.7774552,-73.9225403
3525,3,23 Ave & 27 St,40.776165,-73.9153175
3526,7,31 St & 23 Ave,40.7747878,-73.9125551
3527,5,5 Ave & E 126 St,40.80698,-73.941747
3528,4,Steinway St & 23 Ave,40.7713937,-73.9077436
3529,9,Lenox Ave & W 130 St,40.8107922,-73.9430681
3530,3,Crescent St & Ditmars Blvd,40.7787185,-73.9145645
3531,6,Frederick Douglass Blvd & W 129 St,40.8125511,-73.9492286
3532,5,Ditmars Blvd & 19 St,40.78145,-73.9183302
3533,9,St. Nicholas Ave & W 126 St,40.8114323,-73.9518776
3534,16,Frederick Douglass Blvd & W 117 St,40.805159,-73.954692
3535,7,Mt Morris Park W & W 120 St,40.804038,-73.945925
3536,7,W 116 St & Broadway,40.8082,-73.9641
3537,8,Carlton Ave & Dean St,40.6809741,-73.9710097
3538,7,W 110 St & Amsterdam Ave,40.802692,-73.96295
3539,4,W 116 St & Amsterdam Ave,40.8067581,-73.9607082
3540,6,Morningside Ave & W 123 St,40.81,-73.9551508
3541,9,Amsterdam Ave & W 125 St,40.813358,-73.956461
3542,3,Amsterdam Ave & W 119 St,40.8086249,-73.9596214
3543,2,Morningside Dr & Amsterdam Ave,40.81028506306,-73.9573645591736
3544,11,Underhill Ave & Pacific St,40.6804836,-73.9646795
3545,3,Broadway & W 122 St,40.8120562,-73.9612547
3546,2,Pacific St & Classon Ave,40.6791944,-73.9587903
3547,12,Broadway & Moylan Pl,40.8143256,-73.9590255
3549,6,Grand Ave & Bergen St,40.678045,-73.962408
3551,8,3 Ave & E 112 St,40.795508,-73.941606
3552,9,W 113 St & Broadway,40.805973,-73.964928
3553,14,Frederick Douglass Blvd & W 112 St,40.801694,-73.957145
3554,4,Vernon Blvd & 41 Rd,40.7552433,-73.9485678
3555,7,28 St & 41 Ave,40.751047,-73.93797
3556,3,24 St & 41 Ave,40.7527085,-73.9397405
3557,2,40 Ave & 9 St,40.75742,-73.945133
3558,11,Bergen St & Vanderbilt Ave,40.6794388,-73.9680438
3559,2,21 St & 38 Ave,40.7576314,-73.9391224
3560,6,28 St & 38 Ave,40.754876,-73.934326
3561,2,37 Ave & 35 St,40.7531106,-73.9279917
3562,15,Classon Ave & St Marks Ave,40.6765198,-73.9596082
3563,2,28 St & 36 Ave,40.757186,-73.932719
3565,4,36 Ave & 10 St,40.7614376,-73.9411265
3566,4,Crescent St & 35 Ave,40.7596276,-73.9321455
3567,1,11 St & 35 Ave,40.7627442,-73.9391141
3569,6,Franklin Ave & St Marks Ave,40.6758324,-73.9561677
3570,7,35 Ave & 37 St,40.7557327,-73.9236611
3571,13,Bedford Ave & Bergen St,40.676368,-73.952918
3572,9,34 Ave & 38 St,40.756913,-73.921631
3573,1,35 St & 34 Ave,40.7580583,-73.9242751
3574,9,Prospect Pl & Underhill Ave,40.6769694,-73.96579
3575,5,Crescent St & 34 Ave,40.76108,-73.930562
3576,7,Park Pl & Vanderbilt Ave,40.6767,-73.969024
3577,2,34 Ave & 21 St,40.7628138,-73.9342862
3578,2,Park Pl & Franklin Ave,40.6741806,-73.9564947
3579,4,Sterling Pl & Bedford Ave,40.672695,-73.954131
3580,7,St Johns Pl & Washington Ave,40.6737236,-73.9631611
3581,8,Underhill Ave & Lincoln Pl,40.6740123,-73.9671457
3582,5,Lincoln Pl & Classon Ave,40.6721683,-73.9609
3583,5,Eastern Pkwy & Washington Ave,40.6716493,-73.9631145
3584,4,Eastern Pkwy & Franklin Ave,40.6707767,-73.9576801
3585,1,Union St & Bedford Ave,40.6691783,-73.9554162
3586,3,34 Ave & 13 St,40.7638753,-73.9364848
3588,4,Vernon Blvd & 10 St,40.7671863,-73.9373554
3589,6,Broadway & 12 St,40.7668,-73.9347774
3590,2,Carroll St & Franklin Ave,40.6679411,-73.9588
3591,7,21 St & 31 Dr,40.7659,-73.930819
3592,6,Crescent St & Broadway,40.7633589,-73.9286471
3593,8,31 St & Broadway,40.761584,-73.925921
3595,11,35 St & Broadway,40.760339,-73.9222427
3596,1,Sullivan Pl & Bedford Ave,40.6642406,-73.9574686
3597,4,43 St & Broadway,40.7577284,-73.9166368
3598,6,Newton Rd & 44 St,40.7595701,-73.9142678
3599,14,Franklin Ave & Empire Blvd,40.66314,-73.9605695
3601,2,Sterling St & Bedford Ave,40.6627059,-73.9569115
3602,6,31 Ave & 34 St,40.763154,-73.920827
3603,4,31 Ave & 30 St,40.7647,-73.9240312
3604,6,Rogers Ave & Sterling St,40.6630619,-73.9538746
3605,4,31 Ave & Crescent St,40.7658346,-73.9265474
3606,5,49 Ave & 21 St,40.74252,-73.948852
3607,4,31 Ave & 14 St,40.7682,-73.9322662
3608,1,5 St & 51 Ave,40.7423737,-73.9566
3609,4,Vernon Blvd & 31 Ave,40.7692475,-73.9354504
3610,4,Vernon Blvd & 30 Rd,40.770845,-73.934171
3611,2,Vernon Blvd & 47 Rd,40.7449067,-73.9534573
3612,3,30 Ave & 21 St,40.7703743,-73.9286078
3613,9,Center Blvd & 48 Ave,40.745038,-73.957539
3614,6,Crescent St & 30 Ave,40.768692,-73.9249574
3615,5,44 Dr & 21 St,40.748,-73.9460927
3616,5,Steinway St & 28 Ave,40.7656251,-73.9136695
3617,3,28 Ave & 35 St,40.7671,-73.9169858
3618,8,27 St & Hunter St,40.7485,-73.941275
3619,5,Newtown Ave & 23 St,40.7713615,-73.9246145
3620,1,11 St & 43 Ave,40.7519071,-73.9479119
3621,4,27 Ave & 9 St,40.7739825,-73.9309134
3622,3,E 128 St & Madison Ave,40.80756,-73.939182
3623,5,W 120 St & Claremont Ave,40.8109494,-73.9634
3628,15,Lenox Ave & W 117 St,40.8025566,-73.9490782
3629,9,Adam Clayton Powell Blvd & W 126 St,40.8094953477795,-73.9477649331093
3630,7,Frederick Douglass Blvd & W 115 St,40.8038654,-73.9559308
3631,1,Crown St & Bedford Ave,40.666563,-73.956741
3637,16,Fulton St & Waverly Ave,40.6832386546034,-73.9659959077835
3641,52,Broadway & W 25 St,40.7428687731211,-73.9891862869263
3646,4,35 Ave & 10 St,40.7631548191037,-73.9398550987244
3647,1,48 Ave & 30 Pl,40.7412830935599,-73.9372587203979
3648,10,Flushing Ave & Vanderbilt Ave,40.6979503156954,-73.9707756042481
3649,3,W 129 St & Convent Ave,40.8143944379158,-73.9532473683357
3654,1,31 St & Northern Blvd,40.7518695142188,-73.933492898941
3656,41,E 2 St & Avenue A,40.7230774906867,-73.9858362078667
3658,4,W 18 St & 9 Ave,40.7435337324616,-74.0036755800247
3662,9,31 Ave & Steinway St,40.7612938972891,-73.916916847229
3664,39,North Moore St & Greenwich St,40.7201952143747,-74.0103006362915
3668,16,Leonard St & Nassau Ave,40.7239567849954,-73.9498436450958
3671,24,E 81 St & 2 Ave,40.7747794489573,-73.9542746543884
3673,10,Dean St & Franklin Ave,40.6775920693738,-73.955637216568
3674,19,Jay St & York St,40.7014031725772,-73.9867267012596
3675,5,3 Ave & E 95 St,40.7845967988489,-73.949685394764
3676,10,Van Brunt St & Van Dyke St,40.6758329439129,-74.0147262811661
3680,9,E 43 St & 5 Ave,40.7541208107793,-73.9802518486977
3686,46,Gansevoort St & Hudson St,40.739448201304,-74.0050703287125
3687,44,E 33 St & 1 Ave,40.7432268143217,-73.9744978398085
3689,10,W 104 St & Amsterdam Ave,40.799041392883,-73.9664947986603
3690,10,Park Pl & Church St,40.7133418427591,-74.0093551576138
3691,2,28 Ave & 44 St,40.7640893235069,-73.9106512069702
3692,3,5 St & Market St,40.6999974843885,-73.9744012802839
3693,4,N 11 St & Kent Ave,40.7224818863822,-73.9592193067074
3697,35,W 64 St & Thelonious Monk Circle,40.7751595343424,-73.9891869574785
3699,14,W 50 St & 9 Ave,40.7636046779586,-73.9891795814037
3701,1,Cliff St & Fulton St,40.708317943664,-74.0050408244133
3707,27,Lexington Ave & E 26 St,40.741459,-73.983293
3708,33,W 13 St & 5 Ave,40.735445,-73.99431
3709,9,W 15 St & 6 Ave,40.7380461424828,-73.996429592371
3711,64,E 13 St & Avenue A,40.7296672939298,-73.9806796610355
3712,16,W 35 St & Dyer Ave,40.754691750226,-73.9974018931389
3714,4,Division Av & Hooper St,40.7068420310133,-73.9544353965357
3715,11,Driggs Ave & N 9 St,40.7181696945421,-73.9552013576031
3716,1,40 Ave & Crescent St,40.7535992020056,-73.9379560947418
3718,24,E 11 St & Avenue B,40.7274642069239,-73.9795041829348
3720,2,Wyckoff St & Bond St,40.6846165389795,-73.9872128516436
3721,6,31 St & Newtown Ave,40.7675487799971,-73.9209334552288
3723,5,Cadman Plaza E & Johnson St,40.695317277669,-73.9901572465897
3724,32,7 Ave & Central Park South,40.7667405590595,-73.9790689945221
3725,20,2 Ave & E 72 St,40.7687620293096,-73.9584079384804
3726,5,Center Blvd & 51 Ave,40.7433660802702,-73.95960688591
3727,1,Frost St & Meeker Ave,40.7176619708399,-73.948800265789
3728,7,Pierrepont St & Monroe Pl,40.6953569332023,-73.9934402704239
3733,22,Avenue C & E 18 St,40.730563,-73.973984
3734,12,E 58 St &  1 Ave (NW Corner),40.759125,-73.962658
3737,24,Stanton St & Norfolk St,40.720747,-73.986274
3745,1,36 Ave & 31 St,40.7565127298496,-73.9295748621225
3746,34,6 Ave & Broome St,40.7243083216022,-74.0047303587198
3747,37,E 84 St & 3 Ave,40.7775537429889,-73.9551275968552
3749,20,Lexington Ave & E 36 St,40.7475739589548,-73.9788007736206
3755,9,DeKalb Ave & Franklin Ave,40.6906480708294,-73.9574617892504
3756,5,White St & Moore St,40.704508,-73.9351
3759,5,Irving Ave & Jefferson St,40.70538,-73.92535
3760,5,Willoughby Ave & Wyckoff Ave,40.705614,-73.92153
3761,9,Cedar St & Myrtle Ave,40.697842,-73.926241
3762,4,3 Ave & Carroll St,40.677027,-73.9865
3763,6,Wyckoff Av & Jefferson St,40.707165,-73.923711
3764,1,Bushwick Ave & McKibbin St,40.705517,-73.93936
3765,4,Bushwick Ave & Stagg St,40.709897,-73.94008
3766,10,Sharon St & Olive St,40.715353,-73.93856
3767,4,Powers St & Olive St,40.71323,-73.93894
3769,1,White St & Johnson Ave,40.707174,-73.93581
3770,4,Central Ave & Flushing Ave,40.702831,-73.9333
3771,6,McKibbin St & Bogart St,40.706237,-73.933871
3772,3,Devoe St & Morgan Ave,40.713811,-73.93515
3774,3,Knickerbocker Ave & George St,40.704425,-73.92836
3775,3,Suydam St & Knickerbocker Ave,40.702013,-73.923769
3776,12,Central Ave & Starr Street,40.700003,-73.92834
3777,1,Stockholm St & Wilson Ave,40.699304,-73.923044
3778,3,Irving Ave & DeKalb Ave,40.7027,-73.92095
3779,6,Hart St & Wyckoff Ave,40.704876,-73.919911
3781,4,Greene Av & Myrtle Av,40.698568,-73.918877
3782,13,Brooklyn Bridge Park - Pier 2,40.698458,-73.997178
3783,26,Cliff St & Fulton St,40.70838,-74.00495
3788,41,E 12 St & 4 Av,40.73269,-73.98974
3789,4,Fulton St & Irving Pl,40.68186,-73.959432
3790,4,Henry St & Middagh St,40.7003,-73.991581
3793,14,Stuyvesant Walk & 1 Av Loop,40.7323397771511,-73.9789838343859
3795,1,10 St & 2 Ave,40.671907,-73.993612
3798,8,W 40 St & 5 Ave,40.752269,-73.982079
3799,11,6 Ave & W 34 St,40.74964,-73.98805
3803,1,Bedford Ave & Montgomery St,40.665816,-73.956934
3804,5,Front St & Jay St,40.702461,-73.986842
3805,1,E 80 St & Park Ave,40.776173,-73.959757
3809,7,W 55 St & 6 Ave,40.763201,-73.978458
3810,5,Central Park West & W 82 St,40.782593,-73.971211
3812,9,University Pl & E 14 St,40.734814,-73.992085
3842,1,Bushwick Ave & Dekalb Ave,40.69502,-73.92825
